# ************************************************************
# Sequel Pro SQL dump
# Version 4541
#
# http://www.sequelpro.com/
# https://github.com/sequelpro/sequelpro
#
# Hôte: 127.0.0.1 (MySQL 5.5.5-10.5.8-MariaDB)
# Base de données: m2l_v2
# Temps de génération: 2021-03-04 07:41:50 +0000
# ************************************************************


/*!40101 SET @OLD_CHARACTER_SET_CLIENT=@@CHARACTER_SET_CLIENT */;
/*!40101 SET @OLD_CHARACTER_SET_RESULTS=@@CHARACTER_SET_RESULTS */;
/*!40101 SET @OLD_COLLATION_CONNECTION=@@COLLATION_CONNECTION */;
/*!40101 SET NAMES utf8 */;
/*!40014 SET @OLD_FOREIGN_KEY_CHECKS=@@FOREIGN_KEY_CHECKS, FOREIGN_KEY_CHECKS=0 */;
/*!40101 SET @OLD_SQL_MODE=@@SQL_MODE, SQL_MODE='NO_AUTO_VALUE_ON_ZERO' */;
/*!40111 SET @OLD_SQL_NOTES=@@SQL_NOTES, SQL_NOTES=0 */;


# Affichage de la table ligue
# ------------------------------------------------------------

DROP TABLE IF EXISTS `ligue`;

CREATE TABLE `ligue` (
  `id` int(11) NOT NULL AUTO_INCREMENT,
  `login` varchar(45) DEFAULT NULL,
  `motDePasse` text DEFAULT NULL,
  `libelle` varchar(255) DEFAULT NULL,
  `nbEmployes` int(11) DEFAULT NULL,
  `nbMembres` int(11) DEFAULT NULL,
  `activation` tinyint(1) NOT NULL DEFAULT 0,
  `token` varchar(64) DEFAULT NULL,
  `role_id` int(11) NOT NULL,
  PRIMARY KEY (`id`),
  KEY `role_id` (`role_id`)
) ENGINE=InnoDB DEFAULT CHARSET=utf8;

LOCK TABLES `ligue` WRITE;
/*!40000 ALTER TABLE `ligue` DISABLE KEYS */;

INSERT INTO `ligue` (`id`, `login`, `motDePasse`, `libelle`, `nbEmployes`, `nbMembres`, `activation`, `token`, `role_id`)
VALUES
	(1,'multimedia','9303d0c836b4877e919d231d103774124372442d238994092ab42eb5d33ad07b497468496c7cbd15fd42f012686b67a625b5fea92fecb3f4d90da853cc2a68c9','MULTIMEDIA',5,44,1,'8Xpkt8NaFych5eZsoN6HwjqcefyicDZYp59B2xnEv7XmANFXdYXimAY6tfSTxHQp',2),
	(2,'sports de glace','9303d0c836b4877e919d231d103774124372442d238994092ab42eb5d33ad07b497468496c7cbd15fd42f012686b67a625b5fea92fecb3f4d90da853cc2a68c9','SPORTS DE GLACE',3,57,0,'1JYXowjdSaaTf56AyFhNjFIp7UyXiN43sImFF576T8kXGt822rcwWtjPofmPBB4h',2),
	(3,'handisport','9303d0c836b4877e919d231d103774124372442d238994092ab42eb5d33ad07b497468496c7cbd15fd42f012686b67a625b5fea92fecb3f4d90da853cc2a68c9','HANDISPORT',8,86,1,'f7Vw20x3JnGYIFofV1KgTavYliHmoZYpLQUYpiCmPpayZSB7zFuMIVjhxQ8XOqeB',2),
	(4,'vol libre','9303d0c836b4877e919d231d103774124372442d238994092ab42eb5d33ad07b497468496c7cbd15fd42f012686b67a625b5fea92fecb3f4d90da853cc2a68c9','VOL LIBRE',7,22,0,NULL,1),
	(5,'ugsel','9303d0c836b4877e919d231d103774124372442d238994092ab42eb5d33ad07b497468496c7cbd15fd42f012686b67a625b5fea92fecb3f4d90da853cc2a68c9','UGSEL',2,40,1,'NBesXY0NeX5upBtzeNjFSb0oMr7g0IfCN0B4xnS3S0gyhrsFcuACpvhR1t7PZHTz',3),
	(6,'handball','9303d0c836b4877e919d231d103774124372442d238994092ab42eb5d33ad07b497468496c7cbd15fd42f012686b67a625b5fea92fecb3f4d90da853cc2a68c9','HANDBALL',3,127,1,'IPNHCwR9FGF1gcdaTjKRmAtgi5e109iuHMZku1yTr03qIgFi7Vcy8Xp5bKbJ1AGi',1),
	(7,'montagne escalade','9303d0c836b4877e919d231d103774124372442d238994092ab42eb5d33ad07b497468496c7cbd15fd42f012686b67a625b5fea92fecb3f4d90da853cc2a68c9','MONTAGNE ESCALADE',3,127,0,NULL,2),
	(8,'fspf','9303d0c836b4877e919d231d103774124372442d238994092ab42eb5d33ad07b497468496c7cbd15fd42f012686b67a625b5fea92fecb3f4d90da853cc2a68c9','FSPF',4,39,0,'Rg7iQlRTEsBUPrDL2pBK2hh2hSRwAc5dxOSnZJ2EHZKBS6yciI8FMnJ1aYhUdvvE',1),
	(9,'cresl','9303d0c836b4877e919d231d103774124372442d238994092ab42eb5d33ad07b497468496c7cbd15fd42f012686b67a625b5fea92fecb3f4d90da853cc2a68c9','CRESL',9,54,1,'7Y6AstExqCUUC04SFhczvZbhRYG44zMy5ryz5yBNJgm6Wryyoc79nLGjav1cpqk2',2),
	(10,'kick boxing','9303d0c836b4877e919d231d103774124372442d238994092ab42eb5d33ad07b497468496c7cbd15fd42f012686b67a625b5fea92fecb3f4d90da853cc2a68c9','KICK BOXING',1,127,0,NULL,1),
	(11,'echecs','9303d0c836b4877e919d231d103774124372442d238994092ab42eb5d33ad07b497468496c7cbd15fd42f012686b67a625b5fea92fecb3f4d90da853cc2a68c9','ECHECS',2,72,0,NULL,3),
	(12,'cyclotourisme','9303d0c836b4877e919d231d103774124372442d238994092ab42eb5d33ad07b497468496c7cbd15fd42f012686b67a625b5fea92fecb3f4d90da853cc2a68c9','CYCLOTOURISME',9,127,0,NULL,2),
	(13,'fsgt','9303d0c836b4877e919d231d103774124372442d238994092ab42eb5d33ad07b497468496c7cbd15fd42f012686b67a625b5fea92fecb3f4d90da853cc2a68c9','FSGT',2,45,0,NULL,3),
	(14,'crosl','9303d0c836b4877e919d231d103774124372442d238994092ab42eb5d33ad07b497468496c7cbd15fd42f012686b67a625b5fea92fecb3f4d90da853cc2a68c9','CROSL',8,127,0,NULL,2),
	(15,'motonautique','9303d0c836b4877e919d231d103774124372442d238994092ab42eb5d33ad07b497468496c7cbd15fd42f012686b67a625b5fea92fecb3f4d90da853cc2a68c9','MOTONAUTIQUE',7,53,0,NULL,3),
	(16,'randonnee pedestre','9303d0c836b4877e919d231d103774124372442d238994092ab42eb5d33ad07b497468496c7cbd15fd42f012686b67a625b5fea92fecb3f4d90da853cc2a68c9','RANDONNEE PEDESTRE',4,30,0,NULL,1),
	(17,'voile','9303d0c836b4877e919d231d103774124372442d238994092ab42eb5d33ad07b497468496c7cbd15fd42f012686b67a625b5fea92fecb3f4d90da853cc2a68c9','VOILE',8,127,0,NULL,2),
	(18,'equitation','9303d0c836b4877e919d231d103774124372442d238994092ab42eb5d33ad07b497468496c7cbd15fd42f012686b67a625b5fea92fecb3f4d90da853cc2a68c9','EQUITATION',3,127,0,NULL,3),
	(19,'base- ball softball','9303d0c836b4877e919d231d103774124372442d238994092ab42eb5d33ad07b497468496c7cbd15fd42f012686b67a625b5fea92fecb3f4d90da853cc2a68c9','BASE- BALL SOFTBALL',8,127,0,NULL,3),
	(20,'sport en milieu rural','9303d0c836b4877e919d231d103774124372442d238994092ab42eb5d33ad07b497468496c7cbd15fd42f012686b67a625b5fea92fecb3f4d90da853cc2a68c9','SPORT EN MILIEU RURAL',5,127,0,NULL,1),
	(21,'drass','9303d0c836b4877e919d231d103774124372442d238994092ab42eb5d33ad07b497468496c7cbd15fd42f012686b67a625b5fea92fecb3f4d90da853cc2a68c9','DRASS',5,18,0,NULL,2),
	(22,'aïkido ab','9303d0c836b4877e919d231d103774124372442d238994092ab42eb5d33ad07b497468496c7cbd15fd42f012686b67a625b5fea92fecb3f4d90da853cc2a68c9','AÏKIDO AB',2,127,0,NULL,1),
	(23,'triathlon','9303d0c836b4877e919d231d103774124372442d238994092ab42eb5d33ad07b497468496c7cbd15fd42f012686b67a625b5fea92fecb3f4d90da853cc2a68c9','TRIATHLON',1,127,0,NULL,3),
	(24,'aeromodelisme','9303d0c836b4877e919d231d103774124372442d238994092ab42eb5d33ad07b497468496c7cbd15fd42f012686b67a625b5fea92fecb3f4d90da853cc2a68c9','AEROMODELISME',9,127,0,NULL,1),
	(25,'squash','9303d0c836b4877e919d231d103774124372442d238994092ab42eb5d33ad07b497468496c7cbd15fd42f012686b67a625b5fea92fecb3f4d90da853cc2a68c9','SQUASH',2,127,0,NULL,2),
	(26,'gymnastique volontaire','9303d0c836b4877e919d231d103774124372442d238994092ab42eb5d33ad07b497468496c7cbd15fd42f012686b67a625b5fea92fecb3f4d90da853cc2a68c9','GYMNASTIQUE VOLONTAIRE',0,23,0,NULL,2),
	(27,'judo','9303d0c836b4877e919d231d103774124372442d238994092ab42eb5d33ad07b497468496c7cbd15fd42f012686b67a625b5fea92fecb3f4d90da853cc2a68c9','JUDO',0,51,0,NULL,2),
	(28,'football americain','9303d0c836b4877e919d231d103774124372442d238994092ab42eb5d33ad07b497468496c7cbd15fd42f012686b67a625b5fea92fecb3f4d90da853cc2a68c9','FOOTBALL AMERICAIN',8,127,0,NULL,2),
	(29,'boxe anglaise','9303d0c836b4877e919d231d103774124372442d238994092ab42eb5d33ad07b497468496c7cbd15fd42f012686b67a625b5fea92fecb3f4d90da853cc2a68c9','BOXE ANGLAISE',2,127,0,NULL,2),
	(30,'fscf','9303d0c836b4877e919d231d103774124372442d238994092ab42eb5d33ad07b497468496c7cbd15fd42f012686b67a625b5fea92fecb3f4d90da853cc2a68c9','FSCF',0,62,0,NULL,1),
	(31,'divers','9303d0c836b4877e919d231d103774124372442d238994092ab42eb5d33ad07b497468496c7cbd15fd42f012686b67a625b5fea92fecb3f4d90da853cc2a68c9','DIVERS',3,127,0,NULL,2),
	(32,'usep','9303d0c836b4877e919d231d103774124372442d238994092ab42eb5d33ad07b497468496c7cbd15fd42f012686b67a625b5fea92fecb3f4d90da853cc2a68c9','USEP',0,84,0,NULL,1),
	(33,'natation','9303d0c836b4877e919d231d103774124372442d238994092ab42eb5d33ad07b497468496c7cbd15fd42f012686b67a625b5fea92fecb3f4d90da853cc2a68c9','NATATION',0,100,0,NULL,1),
	(34,'cdos','9303d0c836b4877e919d231d103774124372442d238994092ab42eb5d33ad07b497468496c7cbd15fd42f012686b67a625b5fea92fecb3f4d90da853cc2a68c9','CDOS',0,71,0,NULL,1),
	(35,'crt lorraine','9303d0c836b4877e919d231d103774124372442d238994092ab42eb5d33ad07b497468496c7cbd15fd42f012686b67a625b5fea92fecb3f4d90da853cc2a68c9','CRT LORRAINE',0,77,0,NULL,1),
	(36,'cyclisme','9303d0c836b4877e919d231d103774124372442d238994092ab42eb5d33ad07b497468496c7cbd15fd42f012686b67a625b5fea92fecb3f4d90da853cc2a68c9','CYCLISME',9,127,0,NULL,3),
	(37,'canoë kayak','9303d0c836b4877e919d231d103774124372442d238994092ab42eb5d33ad07b497468496c7cbd15fd42f012686b67a625b5fea92fecb3f4d90da853cc2a68c9','CANOË KAYAK',9,127,0,NULL,3),
	(38,'boules lyonnaises','9303d0c836b4877e919d231d103774124372442d238994092ab42eb5d33ad07b497468496c7cbd15fd42f012686b67a625b5fea92fecb3f4d90da853cc2a68c9','BOULES LYONNAISES',0,59,0,NULL,1),
	(39,'course d\'orientation','9303d0c836b4877e919d231d103774124372442d238994092ab42eb5d33ad07b497468496c7cbd15fd42f012686b67a625b5fea92fecb3f4d90da853cc2a68c9','COURSE D\'ORIENTATION',0,44,0,NULL,2),
	(40,'ball-trap','9303d0c836b4877e919d231d103774124372442d238994092ab42eb5d33ad07b497468496c7cbd15fd42f012686b67a625b5fea92fecb3f4d90da853cc2a68c9','BALL-TRAP',2,127,0,NULL,3),
	(41,'twirling baton','9303d0c836b4877e919d231d103774124372442d238994092ab42eb5d33ad07b497468496c7cbd15fd42f012686b67a625b5fea92fecb3f4d90da853cc2a68c9','TWIRLING BATON',2,127,0,NULL,3),
	(42,'tir','9303d0c836b4877e919d231d103774124372442d238994092ab42eb5d33ad07b497468496c7cbd15fd42f012686b67a625b5fea92fecb3f4d90da853cc2a68c9','TIR',0,51,0,NULL,2),
	(43,'tir a l\'arc','9303d0c836b4877e919d231d103774124372442d238994092ab42eb5d33ad07b497468496c7cbd15fd42f012686b67a625b5fea92fecb3f4d90da853cc2a68c9','TIR A L\'ARC',0,80,0,NULL,3),
	(44,'scapa','9303d0c836b4877e919d231d103774124372442d238994092ab42eb5d33ad07b497468496c7cbd15fd42f012686b67a625b5fea92fecb3f4d90da853cc2a68c9','SCAPA',8,127,0,NULL,1),
	(45,'muaythaï','9303d0c836b4877e919d231d103774124372442d238994092ab42eb5d33ad07b497468496c7cbd15fd42f012686b67a625b5fea92fecb3f4d90da853cc2a68c9','MUAYTHAÏ',3,127,0,NULL,3),
	(46,'gymnastique','9303d0c836b4877e919d231d103774124372442d238994092ab42eb5d33ad07b497468496c7cbd15fd42f012686b67a625b5fea92fecb3f4d90da853cc2a68c9','GYMNASTIQUE',0,94,0,NULL,2),
	(47,'ulm','9303d0c836b4877e919d231d103774124372442d238994092ab42eb5d33ad07b497468496c7cbd15fd42f012686b67a625b5fea92fecb3f4d90da853cc2a68c9','ULM',4,127,0,NULL,1),
	(48,'sports de quilles et bowling','9303d0c836b4877e919d231d103774124372442d238994092ab42eb5d33ad07b497468496c7cbd15fd42f012686b67a625b5fea92fecb3f4d90da853cc2a68c9','SPORTS DE QUILLES ET BOWLING',2,127,0,NULL,1),
	(49,'drjscs','9303d0c836b4877e919d231d103774124372442d238994092ab42eb5d33ad07b497468496c7cbd15fd42f012686b67a625b5fea92fecb3f4d90da853cc2a68c9','DRJSCS',0,96,0,NULL,3),
	(50,'boxe francaise','9303d0c836b4877e919d231d103774124372442d238994092ab42eb5d33ad07b497468496c7cbd15fd42f012686b67a625b5fea92fecb3f4d90da853cc2a68c9','BOXE FRANCAISE',0,33,0,NULL,3),
	(51,'medailles jeunesse et sports','9303d0c836b4877e919d231d103774124372442d238994092ab42eb5d33ad07b497468496c7cbd15fd42f012686b67a625b5fea92fecb3f4d90da853cc2a68c9','MEDAILLES JEUNESSE ET SPORTS',1,127,0,NULL,1),
	(52,'volley- ball','9303d0c836b4877e919d231d103774124372442d238994092ab42eb5d33ad07b497468496c7cbd15fd42f012686b67a625b5fea92fecb3f4d90da853cc2a68c9','VOLLEY- BALL',8,127,0,NULL,3),
	(53,'football','9303d0c836b4877e919d231d103774124372442d238994092ab42eb5d33ad07b497468496c7cbd15fd42f012686b67a625b5fea92fecb3f4d90da853cc2a68c9','FOOTBALL',8,127,0,NULL,3),
	(54,'fnmns','9303d0c836b4877e919d231d103774124372442d238994092ab42eb5d33ad07b497468496c7cbd15fd42f012686b67a625b5fea92fecb3f4d90da853cc2a68c9','FNMNS',3,127,0,NULL,3),
	(55,'halterophilie','9303d0c836b4877e919d231d103774124372442d238994092ab42eb5d33ad07b497468496c7cbd15fd42f012686b67a625b5fea92fecb3f4d90da853cc2a68c9','HALTEROPHILIE',9,127,0,NULL,3),
	(56,'sport automobile','9303d0c836b4877e919d231d103774124372442d238994092ab42eb5d33ad07b497468496c7cbd15fd42f012686b67a625b5fea92fecb3f4d90da853cc2a68c9','SPORT AUTOMOBILE',0,32,0,NULL,2),
	(57,'roller skating','9303d0c836b4877e919d231d103774124372442d238994092ab42eb5d33ad07b497468496c7cbd15fd42f012686b67a625b5fea92fecb3f4d90da853cc2a68c9','ROLLER SKATING',2,127,0,NULL,3),
	(58,'tennis','9303d0c836b4877e919d231d103774124372442d238994092ab42eb5d33ad07b497468496c7cbd15fd42f012686b67a625b5fea92fecb3f4d90da853cc2a68c9','TENNIS',3,127,0,NULL,2),
	(59,'crsu','9303d0c836b4877e919d231d103774124372442d238994092ab42eb5d33ad07b497468496c7cbd15fd42f012686b67a625b5fea92fecb3f4d90da853cc2a68c9','CRSU',0,82,0,NULL,2),
	(60,'tennis de table','9303d0c836b4877e919d231d103774124372442d238994092ab42eb5d33ad07b497468496c7cbd15fd42f012686b67a625b5fea92fecb3f4d90da853cc2a68c9','TENNIS DE TABLE',0,49,0,NULL,1),
	(61,'epmm','9303d0c836b4877e919d231d103774124372442d238994092ab42eb5d33ad07b497468496c7cbd15fd42f012686b67a625b5fea92fecb3f4d90da853cc2a68c9','EPMM',0,65,0,NULL,1),
	(62,'presse','9303d0c836b4877e919d231d103774124372442d238994092ab42eb5d33ad07b497468496c7cbd15fd42f012686b67a625b5fea92fecb3f4d90da853cc2a68c9','PRESSE',0,95,0,NULL,1),
	(63,'aeronautique/ vol a moteur','9303d0c836b4877e919d231d103774124372442d238994092ab42eb5d33ad07b497468496c7cbd15fd42f012686b67a625b5fea92fecb3f4d90da853cc2a68c9','AERONAUTIQUE/ VOL A MOTEUR',0,80,0,NULL,2),
	(64,'ufolep','9303d0c836b4877e919d231d103774124372442d238994092ab42eb5d33ad07b497468496c7cbd15fd42f012686b67a625b5fea92fecb3f4d90da853cc2a68c9','UFOLEP',0,84,0,NULL,2),
	(65,'badminton','9303d0c836b4877e919d231d103774124372442d238994092ab42eb5d33ad07b497468496c7cbd15fd42f012686b67a625b5fea92fecb3f4d90da853cc2a68c9','BADMINTON',0,25,0,NULL,3),
	(66,'sports sous- marins','9303d0c836b4877e919d231d103774124372442d238994092ab42eb5d33ad07b497468496c7cbd15fd42f012686b67a625b5fea92fecb3f4d90da853cc2a68c9','SPORTS SOUS- MARINS',0,12,0,NULL,1),
	(67,'c.r.e.p.s.','9303d0c836b4877e919d231d103774124372442d238994092ab42eb5d33ad07b497468496c7cbd15fd42f012686b67a625b5fea92fecb3f4d90da853cc2a68c9','C.R.E.P.S.',9,127,0,NULL,1),
	(68,'danse','9303d0c836b4877e919d231d103774124372442d238994092ab42eb5d33ad07b497468496c7cbd15fd42f012686b67a625b5fea92fecb3f4d90da853cc2a68c9','DANSE',0,61,0,NULL,1),
	(69,'sport adapte','9303d0c836b4877e919d231d103774124372442d238994092ab42eb5d33ad07b497468496c7cbd15fd42f012686b67a625b5fea92fecb3f4d90da853cc2a68c9','SPORT ADAPTE',2,127,0,NULL,2),
	(70,'crij','9303d0c836b4877e919d231d103774124372442d238994092ab42eb5d33ad07b497468496c7cbd15fd42f012686b67a625b5fea92fecb3f4d90da853cc2a68c9','CRIJ',9,127,0,NULL,1),
	(71,'rugby','9303d0c836b4877e919d231d103774124372442d238994092ab42eb5d33ad07b497468496c7cbd15fd42f012686b67a625b5fea92fecb3f4d90da853cc2a68c9','RUGBY',2,127,0,NULL,2),
	(72,'conseils generaux','9303d0c836b4877e919d231d103774124372442d238994092ab42eb5d33ad07b497468496c7cbd15fd42f012686b67a625b5fea92fecb3f4d90da853cc2a68c9','CONSEILS GENERAUX',0,31,0,NULL,1),
	(73,'aïkido aaa','9303d0c836b4877e919d231d103774124372442d238994092ab42eb5d33ad07b497468496c7cbd15fd42f012686b67a625b5fea92fecb3f4d90da853cc2a68c9','AÏKIDO AAA',0,28,0,NULL,1),
	(74,'ski','9303d0c836b4877e919d231d103774124372442d238994092ab42eb5d33ad07b497468496c7cbd15fd42f012686b67a625b5fea92fecb3f4d90da853cc2a68c9','SKI',0,48,0,NULL,2),
	(75,'aviron','9303d0c836b4877e919d231d103774124372442d238994092ab42eb5d33ad07b497468496c7cbd15fd42f012686b67a625b5fea92fecb3f4d90da853cc2a68c9','AVIRON',0,32,0,NULL,1),
	(76,'basket- ball','9303d0c836b4877e919d231d103774124372442d238994092ab42eb5d33ad07b497468496c7cbd15fd42f012686b67a625b5fea92fecb3f4d90da853cc2a68c9','BASKET- BALL',9,127,0,NULL,2),
	(77,'fcsad','9303d0c836b4877e919d231d103774124372442d238994092ab42eb5d33ad07b497468496c7cbd15fd42f012686b67a625b5fea92fecb3f4d90da853cc2a68c9','FCSAD',5,127,0,NULL,2),
	(78,'escrime','9303d0c836b4877e919d231d103774124372442d238994092ab42eb5d33ad07b497468496c7cbd15fd42f012686b67a625b5fea92fecb3f4d90da853cc2a68c9','ESCRIME',0,66,0,NULL,1),
	(79,'club alpin francais','9303d0c836b4877e919d231d103774124372442d238994092ab42eb5d33ad07b497468496c7cbd15fd42f012686b67a625b5fea92fecb3f4d90da853cc2a68c9','CLUB ALPIN FRANCAIS',0,21,0,NULL,3),
	(80,'motocyclisme','9303d0c836b4877e919d231d103774124372442d238994092ab42eb5d33ad07b497468496c7cbd15fd42f012686b67a625b5fea92fecb3f4d90da853cc2a68c9','MOTOCYCLISME',0,94,0,NULL,2),
	(81,'sports de contact','9303d0c836b4877e919d231d103774124372442d238994092ab42eb5d33ad07b497468496c7cbd15fd42f012686b67a625b5fea92fecb3f4d90da853cc2a68c9','SPORTS DE CONTACT',2,127,0,NULL,2),
	(82,'unss','9303d0c836b4877e919d231d103774124372442d238994092ab42eb5d33ad07b497468496c7cbd15fd42f012686b67a625b5fea92fecb3f4d90da853cc2a68c9','UNSS',0,27,0,NULL,2),
	(83,'vol a voile','9303d0c836b4877e919d231d103774124372442d238994092ab42eb5d33ad07b497468496c7cbd15fd42f012686b67a625b5fea92fecb3f4d90da853cc2a68c9','VOL A VOILE',5,127,0,NULL,2),
	(84,'petanque','9303d0c836b4877e919d231d103774124372442d238994092ab42eb5d33ad07b497468496c7cbd15fd42f012686b67a625b5fea92fecb3f4d90da853cc2a68c9','PETANQUE',0,54,0,NULL,1),
	(85,'frmjc','9303d0c836b4877e919d231d103774124372442d238994092ab42eb5d33ad07b497468496c7cbd15fd42f012686b67a625b5fea92fecb3f4d90da853cc2a68c9','FRMJC',4,127,0,NULL,2),
	(86,'lutte','9303d0c836b4877e919d231d103774124372442d238994092ab42eb5d33ad07b497468496c7cbd15fd42f012686b67a625b5fea92fecb3f4d90da853cc2a68c9','LUTTE',6,127,0,NULL,3),
	(87,'athletisme','9303d0c836b4877e919d231d103774124372442d238994092ab42eb5d33ad07b497468496c7cbd15fd42f012686b67a625b5fea92fecb3f4d90da853cc2a68c9','ATHLETISME',9,127,0,NULL,1),
	(88,'karate','9303d0c836b4877e919d231d103774124372442d238994092ab42eb5d33ad07b497468496c7cbd15fd42f012686b67a625b5fea92fecb3f4d90da853cc2a68c9','KARATE',0,21,0,NULL,2),
	(89,'ffst','9303d0c836b4877e919d231d103774124372442d238994092ab42eb5d33ad07b497468496c7cbd15fd42f012686b67a625b5fea92fecb3f4d90da853cc2a68c9','FFST',6,127,0,NULL,2),
	(90,'golf','9303d0c836b4877e919d231d103774124372442d238994092ab42eb5d33ad07b497468496c7cbd15fd42f012686b67a625b5fea92fecb3f4d90da853cc2a68c9','GOLF',0,52,0,NULL,3),
	(91,'parachutisme','9303d0c836b4877e919d231d103774124372442d238994092ab42eb5d33ad07b497468496c7cbd15fd42f012686b67a625b5fea92fecb3f4d90da853cc2a68c9','PARACHUTISME',2,127,0,NULL,1),
	(92,'taekwondo','9303d0c836b4877e919d231d103774124372442d238994092ab42eb5d33ad07b497468496c7cbd15fd42f012686b67a625b5fea92fecb3f4d90da853cc2a68c9','TAEKWONDO',0,34,0,NULL,2),
	(93,'peche au coup','9303d0c836b4877e919d231d103774124372442d238994092ab42eb5d33ad07b497468496c7cbd15fd42f012686b67a625b5fea92fecb3f4d90da853cc2a68c9','PECHE AU COUP',0,57,0,NULL,1),
	(94,'leo lagrange','9303d0c836b4877e919d231d103774124372442d238994092ab42eb5d33ad07b497468496c7cbd15fd42f012686b67a625b5fea92fecb3f4d90da853cc2a68c9','LEO LAGRANGE',3,127,0,NULL,2),
	(95,'speleologie','9303d0c836b4877e919d231d103774124372442d238994092ab42eb5d33ad07b497468496c7cbd15fd42f012686b67a625b5fea92fecb3f4d90da853cc2a68c9','SPELEOLOGIE',0,10,0,NULL,1),
	(96,'pecheurs sportifs a la mouche','9303d0c836b4877e919d231d103774124372442d238994092ab42eb5d33ad07b497468496c7cbd15fd42f012686b67a625b5fea92fecb3f4d90da853cc2a68c9','PECHEURS SPORTIFS A LA MOUCHE',0,49,0,NULL,3),
	(97,'billard','9303d0c836b4877e919d231d103774124372442d238994092ab42eb5d33ad07b497468496c7cbd15fd42f012686b67a625b5fea92fecb3f4d90da853cc2a68c9','BILLARD',6,127,0,NULL,2),
	(98,'ski nautique','9303d0c836b4877e919d231d103774124372442d238994092ab42eb5d33ad07b497468496c7cbd15fd42f012686b67a625b5fea92fecb3f4d90da853cc2a68c9','SKI NAUTIQUE',3,100,0,NULL,1),
	(99,'cdos moselle','9303d0c836b4877e919d231d103774124372442d238994092ab42eb5d33ad07b497468496c7cbd15fd42f012686b67a625b5fea92fecb3f4d90da853cc2a68c9','CDOS Moselle',0,68,0,NULL,1),
	(100,'sourds de l\'est','9303d0c836b4877e919d231d103774124372442d238994092ab42eb5d33ad07b497468496c7cbd15fd42f012686b67a625b5fea92fecb3f4d90da853cc2a68c9','SOURDS DE L\'EST',10,127,0,NULL,1);

/*!40000 ALTER TABLE `ligue` ENABLE KEYS */;
UNLOCK TABLES;


# Affichage de la table photo
# ------------------------------------------------------------

DROP TABLE IF EXISTS `photo`;

CREATE TABLE `photo` (
  `id` int(11) NOT NULL AUTO_INCREMENT,
  `photoSalle` text NOT NULL,
  PRIMARY KEY (`id`)
) ENGINE=InnoDB DEFAULT CHARSET=latin1;

LOCK TABLES `photo` WRITE;
/*!40000 ALTER TABLE `photo` DISABLE KEYS */;

INSERT INTO `photo` (`id`, `photoSalle`)
VALUES
	(1,'Images/Daum.jpg'),
	(2,'Images/Corbin.jpg'),
	(3,'Images/Baccarat.jpg'),
	(4,'Images/Longwy.jpg'),
	(5,'Images/Multimedia.jpg'),
	(6,'Images/Amphitheatre.jpg'),
	(7,'Images/Lamour.jpg'),
	(8,'Images/Gruber.jpg'),
	(9,'Images/Majorelle.jpg'),
	(10,'Images/Galerie.jpg'),
	(11,'Images/Informatique.jpg'),
	(16,'Images/Restauration.jpg'),
	(17,'Images/HallAccueil.jpg'),
	(18,'Images/Galle.jpg');

/*!40000 ALTER TABLE `photo` ENABLE KEYS */;
UNLOCK TABLES;


# Affichage de la table reservation
# ------------------------------------------------------------

DROP TABLE IF EXISTS `reservation`;

CREATE TABLE `reservation` (
  `id` int(11) NOT NULL AUTO_INCREMENT,
  `date` date NOT NULL,
  `heureDebut` time NOT NULL,
  `heureFin` time NOT NULL,
  `salle_id` int(11) DEFAULT NULL,
  `ligue_id` int(11) DEFAULT NULL,
  PRIMARY KEY (`id`),
  KEY `salle_id` (`salle_id`),
  KEY `ligue_id` (`ligue_id`),
  CONSTRAINT `reservation_ibfk_1` FOREIGN KEY (`salle_id`) REFERENCES `salle` (`id`),
  CONSTRAINT `reservation_ibfk_2` FOREIGN KEY (`ligue_id`) REFERENCES `ligue` (`id`)
) ENGINE=InnoDB DEFAULT CHARSET=utf8;

LOCK TABLES `reservation` WRITE;
/*!40000 ALTER TABLE `reservation` DISABLE KEYS */;

INSERT INTO `reservation` (`id`, `date`, `heureDebut`, `heureFin`, `salle_id`, `ligue_id`)
VALUES
	(1,'2014-11-14','19:00:00','21:00:00',8,1),
	(2,'2014-11-30','19:00:00','21:00:00',2,72),
	(3,'2014-11-14','16:00:00','20:30:00',6,70),
	(4,'2014-11-15','14:30:00','16:00:00',9,34),
	(5,'2014-11-14','19:00:00','19:30:00',11,22),
	(6,'2014-11-15','19:00:00','21:00:00',5,29),
	(7,'2014-11-14','19:30:00','20:00:00',12,5),
	(8,'2014-11-14','20:00:00','21:00:00',1,32),
	(9,'2014-11-14','11:30:00','18:30:00',10,76),
	(10,'2014-11-14','11:00:00','11:30:00',11,69),
	(11,'2014-11-14','12:00:00','13:30:00',1,80),
	(12,'2014-11-14','17:30:00','18:30:00',14,33),
	(13,'2014-11-14','21:00:00','21:30:00',6,9),
	(14,'2014-11-14','10:30:00','11:30:00',14,85),
	(15,'2014-11-14','20:30:00','21:00:00',11,2),
	(16,'2014-11-14','09:00:00','16:00:00',12,7),
	(17,'2014-11-14','10:00:00','12:00:00',2,57),
	(18,'2014-11-14','09:30:00','14:30:00',4,41),
	(19,'2014-11-14','12:00:00','18:30:00',11,45),
	(20,'2014-11-14','14:00:00','15:00:00',3,97),
	(21,'2014-11-14','15:30:00','20:00:00',7,47),
	(22,'2014-11-14','18:30:00','19:00:00',3,28),
	(23,'2014-11-14','20:30:00','21:00:00',4,56),
	(24,'2014-11-14','18:30:00','20:30:00',9,48),
	(25,'2014-11-14','15:30:00','17:30:00',5,51),
	(26,'2014-11-14','20:30:00','21:00:00',12,25),
	(27,'2014-11-14','10:30:00','12:30:00',6,6),
	(28,'2014-11-14','17:30:00','18:30:00',8,74),
	(29,'2014-11-14','16:30:00','18:00:00',13,52),
	(30,'2014-11-14','09:30:00','14:00:00',7,66),
	(31,'2014-11-14','17:30:00','20:00:00',4,31),
	(32,'2014-11-14','19:00:00','19:30:00',13,17),
	(33,'2014-11-14','17:00:00','18:30:00',2,2),
	(34,'2014-11-14','10:30:00','16:00:00',8,44),
	(35,'2014-11-14','14:00:00','14:30:00',14,97),
	(36,'2014-11-14','18:00:00','19:30:00',1,87),
	(37,'2014-11-14','20:30:00','21:00:00',10,83),
	(38,'2014-11-14','16:00:00','16:30:00',4,24),
	(39,'2014-11-14','20:00:00','20:30:00',3,22),
	(40,'2014-11-14','14:00:00','14:30:00',1,27),
	(41,'2014-11-14','21:00:00','21:30:00',13,7),
	(42,'2014-11-14','16:30:00','17:00:00',9,34),
	(43,'2014-11-14','10:30:00','14:00:00',13,72),
	(44,'2014-11-14','19:00:00','20:00:00',14,79),
	(45,'2014-11-14','13:00:00','14:30:00',2,42),
	(46,'2014-11-14','11:00:00','13:30:00',5,89),
	(47,'2014-11-14','21:00:00','21:30:00',14,42),
	(48,'2014-11-14','15:00:00','16:00:00',1,60),
	(49,'2014-11-14','21:00:00','21:30:00',7,53),
	(50,'2014-11-14','15:30:00','16:30:00',2,60),
	(51,'2014-11-15','11:00:00','12:30:00',3,15),
	(52,'2014-11-14','10:00:00','11:00:00',10,37),
	(53,'2014-11-15','19:30:00','20:00:00',6,35),
	(54,'2014-11-14','11:00:00','11:30:00',1,15),
	(55,'2014-11-15','18:00:00','20:00:00',1,22),
	(56,'2014-11-15','17:30:00','20:30:00',11,79),
	(57,'2014-11-14','19:00:00','20:00:00',10,4),
	(58,'2014-11-15','16:30:00','19:00:00',12,58),
	(59,'2014-11-15','13:00:00','13:30:00',8,6),
	(60,'2014-11-14','16:30:00','18:00:00',3,99),
	(61,'2014-11-15','11:00:00','13:30:00',2,71),
	(62,'2014-11-15','14:00:00','14:30:00',3,48),
	(63,'2014-11-14','21:00:00','21:30:00',9,12),
	(64,'2014-11-15','15:30:00','19:30:00',4,17),
	(65,'2014-11-14','10:00:00','12:00:00',3,30),
	(66,'2014-11-15','14:30:00','18:30:00',13,87),
	(67,'2014-11-14','15:30:00','17:00:00',14,36),
	(68,'2014-11-15','13:00:00','17:30:00',14,35),
	(69,'2014-11-14','12:30:00','14:00:00',9,63),
	(70,'2014-11-15','12:00:00','15:00:00',9,73),
	(71,'2014-11-15','21:00:00','21:30:00',6,67),
	(72,'2014-11-15','19:30:00','20:00:00',7,57),
	(73,'2014-11-14','14:30:00','15:30:00',13,90),
	(74,'2014-11-15','17:00:00','20:00:00',2,25),
	(75,'2014-11-15','13:00:00','14:00:00',10,6),
	(76,'2014-11-14','11:30:00','12:00:00',9,44),
	(77,'2014-11-15','14:30:00','15:30:00',5,72),
	(78,'2014-11-14','17:30:00','18:00:00',9,42),
	(79,'2014-11-15','19:30:00','20:30:00',8,53),
	(80,'2014-11-15','10:30:00','19:00:00',7,68),
	(81,'2014-11-15','21:00:00','21:30:00',7,13),
	(82,'2014-11-15','12:00:00','14:30:00',6,70),
	(83,'2014-11-14','13:30:00','15:00:00',6,54),
	(84,'2014-11-15','20:30:00','21:00:00',4,5),
	(85,'2014-11-14','18:00:00','18:30:00',5,58),
	(86,'2014-11-15','16:30:00','18:00:00',8,97),
	(87,'2014-11-15','14:00:00','15:00:00',11,2),
	(88,'2014-11-15','20:30:00','21:00:00',3,90),
	(89,'2014-11-15','20:30:00','21:00:00',1,2),
	(90,'2014-11-14','17:00:00','18:30:00',12,45),
	(91,'2014-11-15','16:30:00','17:00:00',1,47),
	(92,'2014-11-15','19:30:00','20:00:00',13,89),
	(93,'2014-11-15','12:00:00','15:30:00',12,28),
	(94,'2014-11-15','10:00:00','10:30:00',14,78),
	(95,'2014-11-15','19:00:00','19:30:00',10,7),
	(96,'2014-11-15','17:30:00','20:30:00',5,51),
	(97,'2014-11-15','09:00:00','11:00:00',6,78),
	(98,'2014-11-15','21:00:00','21:30:00',12,69),
	(99,'2014-11-15','16:00:00','16:30:00',2,68),
	(100,'2014-11-15','19:30:00','21:00:00',9,29),
	(101,'2014-11-15','10:30:00','12:30:00',8,43),
	(102,'2014-11-15','18:30:00','19:00:00',14,60),
	(103,'2014-11-15','16:00:00','16:30:00',11,60),
	(104,'2014-11-15','09:00:00','11:30:00',11,78),
	(105,'2014-11-15','20:00:00','21:00:00',10,49),
	(106,'2014-11-15','19:30:00','20:30:00',14,62),
	(107,'2014-11-15','21:00:00','21:30:00',5,60),
	(108,'2014-11-15','10:00:00','10:30:00',2,1),
	(109,'2014-11-15','10:00:00','13:00:00',13,29),
	(110,'2014-11-15','19:30:00','20:30:00',12,89),
	(111,'2014-11-15','18:00:00','18:30:00',3,92),
	(112,'2014-11-15','15:00:00','16:00:00',10,62),
	(113,'2014-11-15','10:00:00','12:00:00',4,27),
	(114,'2014-11-15','21:00:00','21:30:00',13,55),
	(115,'2014-11-15','14:00:00','14:30:00',8,14),
	(116,'2014-11-15','20:30:00','21:00:00',2,4),
	(117,'2014-11-15','16:30:00','17:30:00',6,71),
	(118,'2014-11-15','16:30:00','19:00:00',9,96),
	(119,'2014-11-15','21:00:00','21:30:00',11,33),
	(120,'2014-11-15','09:00:00','09:30:00',10,75),
	(121,'2014-11-15','16:30:00','18:00:00',10,1),
	(122,'2014-11-15','12:00:00','15:30:00',1,40),
	(123,'2014-11-15','15:00:00','17:30:00',3,62),
	(124,'2014-11-15','19:00:00','20:00:00',3,36),
	(125,'2014-11-15','12:30:00','13:00:00',5,87),
	(126,'2014-11-15','09:00:00','09:30:00',8,6),
	(127,'2014-11-15','12:00:00','12:30:00',10,63),
	(128,'2014-11-15','11:30:00','12:30:00',14,18),
	(129,'2014-11-15','15:00:00','15:30:00',2,66),
	(130,'2014-11-15','18:00:00','19:00:00',6,97),
	(131,'2014-11-15','12:30:00','14:30:00',4,27),
	(132,'2014-11-15','21:00:00','21:30:00',8,19),
	(133,'2014-11-15','10:00:00','11:30:00',10,88),
	(134,'2014-11-15','16:00:00','17:00:00',5,68),
	(135,'2014-11-15','21:00:00','21:30:00',14,97),
	(136,'2014-11-15','09:30:00','10:00:00',12,51),
	(137,'2014-11-15','15:30:00','16:00:00',9,43),
	(138,'2014-11-15','15:00:00','16:00:00',8,89),
	(139,'2014-11-15','10:30:00','11:30:00',1,48),
	(140,'2014-11-15','09:30:00','10:00:00',5,93),
	(141,'2014-11-15','09:30:00','10:00:00',9,17),
	(142,'2014-11-15','10:30:00','11:00:00',5,68),
	(143,'2014-11-15','11:00:00','11:30:00',9,39),
	(144,'2014-11-15','09:00:00','09:30:00',3,25),
	(145,'2014-11-15','09:00:00','09:30:00',7,22),
	(146,'2014-11-15','13:00:00','13:30:00',3,18),
	(147,'2014-11-15','11:30:00','12:00:00',5,21),
	(148,'2014-11-15','15:00:00','16:00:00',6,73),
	(149,'2014-11-15','14:00:00','14:30:00',2,14),
	(150,'2014-11-15','12:00:00','13:30:00',11,20),
	(151,'2014-11-15','09:00:00','10:00:00',1,67),
	(152,'2014-11-15','09:00:00','09:30:00',4,42),
	(153,'2014-11-15','09:00:00','09:30:00',13,58),
	(154,'2014-11-15','10:30:00','11:00:00',12,63),
	(155,'2014-11-15','18:30:00','19:00:00',8,21),
	(156,'2014-11-15','13:30:00','14:00:00',13,85),
	(157,'2014-11-15','13:30:00','14:00:00',5,63),
	(158,'2014-11-16','17:30:00','19:30:00',6,43),
	(159,'2014-11-16','11:00:00','17:00:00',5,48),
	(160,'2014-11-16','10:00:00','17:00:00',9,80),
	(161,'2014-11-16','17:30:00','19:00:00',2,23),
	(162,'2014-11-15','09:00:00','09:30:00',2,26),
	(163,'2014-11-16','20:00:00','20:30:00',1,11),
	(164,'2014-11-16','15:00:00','19:30:00',12,84),
	(165,'2014-11-16','20:30:00','21:00:00',14,23),
	(166,'2014-11-16','10:00:00','20:00:00',4,49),
	(167,'2014-11-16','14:00:00','21:00:00',8,60),
	(168,'2014-11-16','18:00:00','19:00:00',10,36),
	(169,'2014-11-16','13:30:00','17:00:00',13,67),
	(170,'2014-11-16','11:00:00','16:30:00',2,74),
	(171,'2014-11-16','11:30:00','16:30:00',11,32),
	(172,'2014-11-16','20:00:00','20:30:00',9,4),
	(173,'2014-11-16','17:30:00','18:30:00',1,89),
	(174,'2014-11-16','12:30:00','14:00:00',3,39),
	(175,'2014-11-16','09:00:00','15:00:00',7,69),
	(176,'2014-11-16','11:30:00','19:30:00',14,20),
	(177,'2014-11-16','09:00:00','16:00:00',10,21),
	(178,'2014-11-16','20:00:00','21:00:00',3,75),
	(179,'2014-11-16','15:30:00','16:30:00',6,74),
	(180,'2014-11-16','17:30:00','20:00:00',13,79),
	(181,'2014-11-16','20:00:00','20:30:00',6,32),
	(182,'2014-11-16','14:30:00','19:30:00',3,13),
	(183,'2014-11-16','20:30:00','21:00:00',12,57),
	(184,'2014-11-16','21:00:00','21:30:00',5,31),
	(185,'2014-11-16','10:00:00','12:30:00',6,85),
	(186,'2014-11-16','13:00:00','13:30:00',8,46),
	(187,'2014-11-16','21:00:00','21:30:00',1,30),
	(188,'2014-11-16','11:30:00','12:30:00',1,82),
	(189,'2014-11-16','21:00:00','21:30:00',11,17),
	(190,'2014-11-16','17:00:00','18:00:00',7,91),
	(191,'2014-11-16','20:30:00','21:00:00',2,75),
	(192,'2014-11-16','18:00:00','18:30:00',5,45),
	(193,'2014-11-16','18:30:00','19:00:00',9,80),
	(194,'2014-11-16','21:00:00','21:30:00',7,51),
	(195,'2014-11-16','20:00:00','21:00:00',10,24),
	(196,'2014-11-16','21:00:00','21:30:00',13,27),
	(197,'2014-11-16','19:00:00','19:30:00',11,34),
	(198,'2014-11-16','19:00:00','19:30:00',7,88),
	(199,'2014-11-16','09:30:00','11:00:00',1,8),
	(200,'2014-11-16','20:30:00','21:00:00',4,37),
	(201,'2014-11-16','11:00:00','11:30:00',13,68),
	(202,'2014-11-16','12:30:00','13:00:00',12,92),
	(203,'2014-11-16','19:00:00','20:00:00',5,16),
	(204,'2014-11-16','14:00:00','17:00:00',1,69),
	(205,'2014-11-16','10:00:00','10:30:00',2,14),
	(206,'2014-11-16','21:00:00','21:30:00',9,17),
	(207,'2014-11-15','09:00:00','09:30:00',14,49),
	(208,'2014-11-16','09:00:00','10:30:00',14,38),
	(209,'2014-11-16','18:00:00','18:30:00',11,25),
	(210,'2014-11-16','20:00:00','20:30:00',11,78),
	(211,'2014-11-16','10:00:00','12:00:00',3,81),
	(212,'2014-11-16','19:30:00','20:00:00',2,88),
	(213,'2014-11-16','09:30:00','10:00:00',13,27),
	(214,'2014-11-16','13:00:00','14:00:00',6,97),
	(215,'2014-11-16','20:00:00','20:30:00',7,80),
	(216,'2014-11-16','17:00:00','17:30:00',10,99),
	(217,'2014-11-16','09:00:00','10:30:00',8,61),
	(218,'2014-11-16','15:30:00','16:00:00',7,25),
	(219,'2014-11-16','13:00:00','13:30:00',1,35),
	(220,'2014-11-16','10:00:00','11:00:00',11,38),
	(221,'2014-11-16','09:30:00','10:00:00',5,68),
	(222,'2014-11-16','13:30:00','14:00:00',12,66),
	(223,'2014-11-16','11:00:00','12:30:00',8,8),
	(224,'2014-11-16','09:00:00','11:30:00',12,80),
	(225,'2014-11-16','12:30:00','13:00:00',13,93),
	(226,'2014-11-16','14:30:00','15:00:00',6,69),
	(227,'2014-11-16','21:00:00','21:30:00',6,57),
	(228,'2014-11-16','09:00:00','09:30:00',2,4),
	(229,'2014-11-16','09:00:00','09:30:00',3,2),
	(230,'2014-11-15','10:00:00','10:30:00',3,34),
	(231,'2014-11-16','09:00:00','09:30:00',11,83),
	(232,'2014-11-17','17:00:00','18:00:00',5,100),
	(233,'2014-11-17','20:00:00','20:30:00',4,80),
	(234,'2014-11-17','17:30:00','19:00:00',2,81),
	(235,'2014-11-17','15:30:00','17:30:00',6,28),
	(236,'2014-11-17','19:00:00','20:00:00',7,58),
	(237,'2014-11-17','12:30:00','19:30:00',3,24),
	(238,'2014-11-17','10:30:00','13:30:00',1,59),
	(239,'2014-11-17','17:30:00','18:00:00',4,50),
	(240,'2014-11-17','09:00:00','12:00:00',5,74),
	(241,'2014-11-17','16:30:00','17:00:00',11,74),
	(242,'2014-11-17','11:30:00','20:30:00',10,69),
	(243,'2014-11-17','17:30:00','19:00:00',11,94),
	(244,'2014-11-17','16:00:00','19:30:00',9,6),
	(245,'2014-11-17','12:00:00','20:00:00',13,87),
	(246,'2014-11-17','20:30:00','21:00:00',9,31),
	(247,'2014-11-17','09:30:00','11:00:00',10,31),
	(248,'2014-11-17','16:00:00','18:30:00',8,41),
	(249,'2014-11-17','14:30:00','16:00:00',2,24),
	(250,'2014-11-17','20:30:00','21:00:00',1,41),
	(251,'2014-11-17','20:30:00','21:00:00',8,68),
	(252,'2014-11-17','13:30:00','14:30:00',5,6),
	(253,'2014-11-17','18:30:00','19:30:00',4,76),
	(254,'2014-11-17','11:00:00','11:30:00',11,94),
	(255,'2014-11-17','15:30:00','18:30:00',14,66),
	(256,'2014-11-17','10:30:00','11:30:00',9,20),
	(257,'2014-11-17','16:30:00','17:00:00',12,18),
	(258,'2014-11-17','19:00:00','20:30:00',6,63),
	(259,'2014-11-17','12:30:00','14:30:00',8,82),
	(260,'2014-11-17','20:30:00','21:00:00',2,8),
	(261,'2014-11-17','17:30:00','18:30:00',12,9),
	(262,'2014-11-17','10:30:00','13:30:00',4,42),
	(263,'2014-11-17','15:00:00','15:30:00',4,51),
	(264,'2014-11-17','12:30:00','15:00:00',9,36),
	(265,'2014-11-17','21:00:00','21:30:00',14,54),
	(266,'2014-11-17','10:30:00','12:30:00',2,41),
	(267,'2014-11-17','19:30:00','20:00:00',11,91),
	(268,'2014-11-17','13:00:00','13:30:00',12,65),
	(269,'2014-11-17','19:30:00','20:30:00',12,3),
	(270,'2014-11-17','20:30:00','21:00:00',13,30),
	(271,'2014-11-17','12:30:00','15:30:00',7,60),
	(272,'2014-11-17','11:00:00','11:30:00',12,53),
	(273,'2014-11-17','19:00:00','19:30:00',1,46),
	(274,'2014-11-17','10:00:00','10:30:00',8,93),
	(275,'2014-11-17','21:00:00','21:30:00',5,37),
	(276,'2014-11-17','15:00:00','15:30:00',5,49),
	(277,'2014-11-17','13:30:00','15:30:00',11,52),
	(278,'2014-11-17','16:30:00','18:00:00',1,75),
	(279,'2014-11-17','16:00:00','17:30:00',7,79),
	(280,'2014-11-17','19:00:00','20:00:00',5,79),
	(281,'2014-11-17','21:00:00','21:30:00',12,61),
	(282,'2014-11-17','09:30:00','10:30:00',13,26),
	(283,'2014-11-17','10:30:00','11:30:00',3,19),
	(284,'2014-11-17','20:30:00','21:00:00',7,21),
	(285,'2014-11-17','21:00:00','21:30:00',4,95),
	(286,'2014-11-17','20:30:00','21:00:00',3,82),
	(287,'2014-11-17','21:00:00','21:30:00',6,16),
	(288,'2014-11-17','09:00:00','10:30:00',14,96),
	(289,'2014-11-17','13:00:00','14:30:00',6,57),
	(290,'2014-11-17','18:00:00','18:30:00',6,21),
	(291,'2014-11-17','20:30:00','21:00:00',11,20),
	(292,'2014-11-17','09:00:00','09:30:00',6,40),
	(293,'2014-11-17','09:30:00','10:00:00',11,25),
	(294,'2014-11-17','09:30:00','12:00:00',7,91),
	(295,'2014-11-17','15:30:00','16:00:00',1,40),
	(296,'2014-11-17','21:00:00','21:30:00',10,84),
	(297,'2014-11-17','19:30:00','20:00:00',14,74),
	(298,'2014-11-17','09:30:00','10:00:00',4,48),
	(299,'2014-11-17','11:30:00','14:00:00',14,97),
	(300,'2014-11-17','09:00:00','10:30:00',12,9),
	(301,'2014-11-17','15:00:00','15:30:00',12,7),
	(302,'2014-11-17','19:30:00','20:00:00',2,64),
	(303,'2014-11-17','14:00:00','14:30:00',1,25),
	(304,'2014-11-17','10:00:00','12:00:00',6,94),
	(305,'2014-11-17','14:00:00','14:30:00',12,6),
	(306,'2014-11-17','09:00:00','09:30:00',2,90),
	(307,'2014-11-17','11:00:00','11:30:00',8,72),
	(308,'2014-11-17','19:00:00','20:00:00',8,93),
	(309,'2014-11-17','15:00:00','15:30:00',8,17),
	(310,'2014-11-17','18:00:00','18:30:00',7,75),
	(311,'2014-11-17','16:00:00','16:30:00',4,15),
	(312,'2014-11-17','09:00:00','09:30:00',8,41),
	(313,'2014-11-17','09:30:00','10:00:00',1,69),
	(314,'2014-11-17','13:30:00','14:00:00',2,23),
	(315,'2014-11-17','16:30:00','17:00:00',2,83),
	(316,'2014-11-17','12:00:00','12:30:00',12,96),
	(317,'2014-11-17','14:00:00','14:30:00',4,34),
	(318,'2014-11-17','09:30:00','10:00:00',9,28),
	(319,'2014-11-17','12:00:00','13:00:00',11,53),
	(320,'2014-11-17','16:00:00','16:30:00',5,40),
	(321,'2014-11-17','12:30:00','13:00:00',5,7),
	(322,'2014-11-17','09:30:00','10:00:00',3,39),
	(323,'2014-11-17','14:30:00','15:00:00',14,57),
	(324,'2014-11-17','11:00:00','11:30:00',13,7),
	(325,'2014-11-18','15:30:00','19:00:00',14,18),
	(326,'2014-11-18','17:30:00','19:30:00',1,47),
	(327,'2014-11-18','19:00:00','20:30:00',3,17),
	(328,'2014-11-18','14:00:00','18:30:00',9,75),
	(329,'2014-11-18','18:00:00','20:30:00',4,45),
	(330,'2014-11-18','13:30:00','14:30:00',10,15),
	(331,'2014-11-18','09:00:00','16:30:00',6,88),
	(332,'2014-11-18','09:00:00','10:30:00',7,36),
	(333,'2014-11-18','18:00:00','18:30:00',5,9),
	(334,'2014-11-18','18:30:00','21:00:00',7,90),
	(335,'2014-11-18','15:30:00','17:30:00',12,78),
	(336,'2014-11-18','21:00:00','21:30:00',1,78),
	(337,'2014-11-18','19:30:00','20:00:00',12,74),
	(338,'2014-11-18','18:00:00','20:00:00',11,29),
	(339,'2014-11-18','18:00:00','19:00:00',8,77),
	(340,'2014-11-18','10:00:00','10:30:00',14,56),
	(341,'2014-11-18','11:00:00','14:00:00',13,80),
	(342,'2014-11-18','20:00:00','20:30:00',9,70),
	(343,'2014-11-18','11:00:00','16:30:00',5,2),
	(344,'2014-11-18','10:00:00','14:00:00',12,36),
	(345,'2014-11-18','12:00:00','16:00:00',8,29),
	(346,'2014-11-18','12:00:00','14:30:00',11,100),
	(347,'2014-11-18','11:30:00','14:00:00',14,31),
	(348,'2014-11-18','18:30:00','19:30:00',13,65),
	(349,'2014-11-18','16:00:00','16:30:00',13,73),
	(350,'2014-11-18','12:00:00','15:30:00',7,50),
	(351,'2014-11-18','16:30:00','20:30:00',10,45),
	(352,'2014-11-18','20:30:00','21:00:00',8,36),
	(353,'2014-11-18','15:00:00','20:00:00',2,23),
	(354,'2014-11-18','18:00:00','18:30:00',3,3),
	(355,'2014-11-18','10:00:00','16:00:00',3,30),
	(356,'2014-11-18','10:00:00','14:00:00',2,23),
	(357,'2014-11-18','20:30:00','21:00:00',5,41),
	(358,'2014-11-18','19:00:00','19:30:00',9,86),
	(359,'2014-11-18','11:30:00','15:00:00',1,48),
	(360,'2014-11-18','20:30:00','21:00:00',11,18),
	(361,'2014-11-18','19:00:00','19:30:00',6,39),
	(362,'2014-11-18','16:00:00','18:00:00',7,91),
	(363,'2014-11-18','16:00:00','17:00:00',4,72),
	(364,'2014-11-18','21:00:00','21:30:00',2,38),
	(365,'2014-11-18','21:00:00','21:30:00',13,31),
	(366,'2014-11-18','11:00:00','13:30:00',4,22),
	(367,'2014-11-18','21:00:00','21:30:00',12,80),
	(368,'2014-11-18','21:00:00','21:30:00',6,47),
	(369,'2014-11-18','10:00:00','13:30:00',9,26),
	(370,'2014-11-18','20:00:00','20:30:00',6,4),
	(371,'2014-11-18','17:00:00','17:30:00',3,97),
	(372,'2014-11-18','17:00:00','18:00:00',6,87),
	(373,'2014-11-18','09:00:00','09:30:00',5,30),
	(374,'2014-11-18','09:00:00','09:30:00',3,86),
	(375,'2014-11-18','19:00:00','19:30:00',5,97),
	(376,'2014-11-18','21:00:00','21:30:00',4,13),
	(377,'2014-11-18','15:00:00','15:30:00',10,52),
	(378,'2014-11-18','15:00:00','17:30:00',11,63),
	(379,'2014-11-18','21:00:00','21:30:00',3,50),
	(380,'2014-11-18','21:00:00','21:30:00',14,39),
	(381,'2014-11-18','11:00:00','11:30:00',8,32),
	(382,'2014-11-18','18:30:00','19:00:00',12,54),
	(383,'2014-11-18','11:30:00','12:00:00',10,21),
	(384,'2014-11-18','21:00:00','21:30:00',9,44),
	(385,'2014-11-18','19:30:00','20:30:00',14,69),
	(386,'2014-11-18','09:30:00','10:30:00',11,59),
	(387,'2014-11-18','17:00:00','17:30:00',5,45),
	(388,'2014-11-18','14:30:00','15:30:00',4,36),
	(389,'2014-11-18','10:00:00','10:30:00',8,32),
	(390,'2014-11-18','21:00:00','21:30:00',10,6),
	(391,'2014-11-18','19:30:00','20:00:00',8,29),
	(392,'2014-11-18','15:30:00','16:00:00',1,70),
	(393,'2014-11-18','09:30:00','10:30:00',10,16),
	(394,'2014-11-18','16:30:00','17:30:00',8,20),
	(395,'2014-11-18','17:00:00','18:00:00',13,6),
	(396,'2014-11-18','14:30:00','15:30:00',13,52),
	(397,'2014-11-18','14:30:00','15:00:00',14,94),
	(398,'2014-11-18','20:00:00','20:30:00',13,97),
	(399,'2014-11-18','10:00:00','10:30:00',1,24),
	(400,'2014-11-18','20:00:00','20:30:00',1,11),
	(401,'2014-11-18','09:00:00','09:30:00',2,100),
	(402,'2014-11-18','09:00:00','09:30:00',8,67),
	(403,'2014-11-18','09:30:00','10:30:00',4,26),
	(404,'2014-11-18','11:00:00','11:30:00',11,78),
	(405,'2014-11-18','09:00:00','09:30:00',14,41),
	(406,'2014-11-18','09:00:00','09:30:00',1,96),
	(407,'2014-11-18','09:00:00','09:30:00',13,57),
	(408,'2014-11-18','11:00:00','11:30:00',7,35),
	(409,'2014-11-19','14:00:00','15:00:00',7,49),
	(410,'2014-11-19','20:30:00','21:00:00',14,39),
	(411,'2014-11-19','19:00:00','20:00:00',10,56),
	(412,'2014-11-19','18:00:00','18:30:00',6,66),
	(413,'2014-11-19','09:30:00','16:30:00',13,68),
	(414,'2014-11-19','14:30:00','15:00:00',4,96),
	(415,'2014-11-19','16:00:00','21:00:00',9,44),
	(416,'2014-11-19','21:00:00','21:30:00',13,16),
	(417,'2014-11-19','11:00:00','16:30:00',14,85),
	(418,'2014-11-19','19:30:00','21:00:00',5,47),
	(419,'2014-11-19','17:30:00','19:00:00',5,59),
	(420,'2014-11-19','13:00:00','13:30:00',9,90),
	(421,'2014-11-19','20:00:00','20:30:00',13,26),
	(422,'2014-11-19','19:00:00','20:00:00',14,79),
	(423,'2014-11-19','20:30:00','21:00:00',12,98),
	(424,'2014-11-19','20:00:00','20:30:00',11,16),
	(425,'2014-11-19','10:30:00','17:30:00',12,13),
	(426,'2014-11-19','09:00:00','17:30:00',6,15),
	(427,'2014-11-19','16:30:00','18:00:00',8,93),
	(428,'2014-11-19','12:30:00','15:30:00',5,23),
	(429,'2014-11-19','09:00:00','13:30:00',11,70),
	(430,'2014-11-19','19:30:00','21:00:00',7,49),
	(431,'2014-11-19','10:00:00','15:00:00',1,2),
	(432,'2014-11-19','11:30:00','15:30:00',8,90),
	(433,'2014-11-19','09:30:00','12:00:00',2,22),
	(434,'2014-11-19','10:00:00','11:30:00',3,72),
	(435,'2014-11-19','17:30:00','19:00:00',11,65),
	(436,'2014-11-19','20:00:00','20:30:00',6,96),
	(437,'2014-11-19','16:00:00','19:00:00',7,22),
	(438,'2014-11-19','16:00:00','18:30:00',10,42),
	(439,'2014-11-19','16:00:00','17:00:00',4,86),
	(440,'2014-11-19','19:30:00','20:00:00',4,41),
	(441,'2014-11-19','12:30:00','18:00:00',3,55),
	(442,'2014-11-19','17:00:00','18:00:00',1,84),
	(443,'2014-11-19','14:00:00','15:00:00',10,21),
	(444,'2014-11-19','14:30:00','18:00:00',2,47),
	(445,'2014-11-19','21:00:00','21:30:00',10,85),
	(446,'2014-11-19','20:30:00','21:00:00',3,70),
	(447,'2014-11-19','21:00:00','21:30:00',6,9),
	(448,'2014-11-19','14:30:00','16:00:00',11,19),
	(449,'2014-11-19','21:00:00','21:30:00',1,34),
	(450,'2014-11-19','18:30:00','19:30:00',2,22),
	(451,'2014-11-19','19:00:00','20:30:00',1,32),
	(452,'2014-11-19','18:30:00','20:30:00',8,92),
	(453,'2014-11-19','12:30:00','13:30:00',4,4),
	(454,'2014-11-19','20:00:00','20:30:00',2,18),
	(455,'2014-11-19','11:00:00','13:00:00',7,69),
	(456,'2014-11-19','09:30:00','11:00:00',5,77),
	(457,'2014-11-19','21:00:00','21:30:00',4,67),
	(458,'2014-11-19','17:00:00','18:00:00',13,92),
	(459,'2014-11-19','09:00:00','09:30:00',9,1),
	(460,'2014-11-19','19:00:00','19:30:00',13,37),
	(461,'2014-11-19','18:30:00','20:00:00',12,5),
	(462,'2014-11-19','11:00:00','11:30:00',9,92),
	(463,'2014-11-19','11:00:00','13:00:00',10,10),
	(464,'2014-11-19','21:00:00','21:30:00',11,45),
	(465,'2014-11-19','21:00:00','21:30:00',2,91),
	(466,'2014-11-19','14:00:00','15:30:00',9,43),
	(467,'2014-11-19','18:30:00','20:00:00',3,41),
	(468,'2014-11-19','09:30:00','10:30:00',7,62),
	(469,'2014-11-19','12:30:00','14:00:00',2,7),
	(470,'2014-11-19','21:00:00','21:30:00',8,19),
	(471,'2014-11-21','15:00:00','17:00:00',4,49),
	(472,'2014-11-21','13:30:00','17:30:00',10,59),
	(473,'2014-11-21','10:00:00','13:00:00',11,66),
	(474,'2014-11-21','09:00:00','17:00:00',6,55),
	(475,'2014-11-21','16:00:00','19:00:00',13,37),
	(476,'2014-11-21','18:00:00','18:30:00',7,54),
	(477,'2014-11-21','10:00:00','16:00:00',5,66),
	(478,'2014-11-21','09:30:00','12:00:00',9,25),
	(479,'2014-11-21','15:00:00','19:30:00',12,84),
	(480,'2014-11-21','18:30:00','20:30:00',6,8),
	(481,'2014-11-21','10:30:00','15:30:00',13,31),
	(482,'2014-11-21','21:00:00','21:30:00',3,51),
	(483,'2014-11-21','10:30:00','16:30:00',14,60),
	(484,'2014-11-21','16:30:00','18:00:00',8,31),
	(485,'2014-11-21','19:00:00','19:30:00',14,31),
	(486,'2014-11-21','19:30:00','21:00:00',5,25),
	(487,'2014-11-21','12:00:00','18:30:00',1,87),
	(488,'2014-11-21','16:00:00','20:00:00',3,98),
	(489,'2014-11-21','21:00:00','21:30:00',2,75),
	(490,'2014-11-21','09:00:00','11:00:00',2,92),
	(491,'2014-11-21','11:00:00','14:00:00',7,1),
	(492,'2014-11-21','20:30:00','21:00:00',8,53),
	(493,'2014-11-21','17:30:00','19:30:00',4,61),
	(494,'2014-11-21','18:00:00','21:00:00',10,68),
	(495,'2014-11-21','15:00:00','18:00:00',9,81),
	(496,'2014-11-21','19:00:00','20:00:00',1,25),
	(497,'2014-11-21','14:00:00','14:30:00',2,45),
	(498,'2014-11-21','21:00:00','21:30:00',7,83),
	(499,'2014-11-21','09:30:00','10:30:00',12,11),
	(500,'2014-11-21','16:00:00','19:30:00',2,24),
	(501,'2014-11-21','18:30:00','20:30:00',11,14),
	(502,'2014-11-21','20:30:00','21:00:00',14,100),
	(503,'2014-11-21','14:30:00','15:30:00',7,72),
	(504,'2014-11-21','20:30:00','21:00:00',1,42),
	(505,'2014-11-21','19:00:00','20:00:00',7,10),
	(506,'2014-11-21','09:30:00','16:00:00',8,37),
	(507,'2014-11-21','20:30:00','21:00:00',9,5),
	(508,'2014-11-21','19:00:00','19:30:00',9,9),
	(509,'2014-11-21','17:00:00','17:30:00',14,23),
	(510,'2014-11-21','21:00:00','21:30:00',12,51),
	(511,'2014-11-21','16:30:00','18:00:00',11,68),
	(512,'2014-11-21','17:30:00','19:00:00',5,95),
	(513,'2014-11-21','12:00:00','12:30:00',2,90),
	(514,'2014-11-21','12:00:00','14:30:00',3,65),
	(515,'2014-11-21','10:30:00','11:30:00',3,46),
	(516,'2014-11-21','10:30:00','11:30:00',10,76),
	(517,'2014-11-21','11:00:00','12:00:00',12,16),
	(518,'2014-11-21','20:30:00','21:00:00',13,11),
	(519,'2014-11-21','12:30:00','13:30:00',9,19),
	(520,'2014-11-21','20:00:00','20:30:00',12,66),
	(521,'2014-11-21','13:30:00','15:30:00',11,53),
	(522,'2014-11-21','09:00:00','09:30:00',1,82),
	(523,'2014-11-21','21:00:00','21:30:00',4,56),
	(524,'2014-11-21','10:00:00','11:00:00',1,13),
	(525,'2014-11-21','09:30:00','14:00:00',4,59),
	(526,'2014-11-21','18:30:00','19:30:00',8,16),
	(527,'2014-11-21','21:00:00','21:30:00',6,37),
	(528,'2014-11-21','13:00:00','14:30:00',12,77),
	(529,'2014-11-21','21:00:00','21:30:00',11,53),
	(530,'2014-11-21','09:00:00','09:30:00',14,62),
	(531,'2014-11-22','12:30:00','19:30:00',1,1),
	(532,'2014-11-22','16:30:00','18:30:00',8,1),
	(533,'2014-11-22','18:30:00','19:00:00',12,64),
	(534,'2014-11-22','13:00:00','15:00:00',13,26),
	(535,'2014-11-22','12:00:00','19:30:00',6,67),
	(536,'2014-11-22','16:30:00','18:00:00',10,51),
	(537,'2014-11-22','20:30:00','21:00:00',4,23),
	(538,'2014-11-22','13:00:00','14:00:00',10,24),
	(539,'2014-11-22','12:30:00','15:00:00',9,97),
	(540,'2014-11-22','17:30:00','19:00:00',5,15),
	(541,'2014-11-22','17:30:00','20:00:00',9,1),
	(542,'2014-11-22','10:30:00','11:30:00',7,60),
	(543,'2014-11-22','20:30:00','21:00:00',9,35),
	(544,'2014-11-22','20:00:00','20:30:00',1,28),
	(545,'2014-11-22','13:00:00','18:00:00',12,12),
	(546,'2014-11-22','11:30:00','21:00:00',2,50),
	(547,'2014-11-22','11:00:00','11:30:00',11,11),
	(548,'2014-11-22','15:00:00','15:30:00',11,38),
	(549,'2014-11-22','10:30:00','15:00:00',5,13),
	(550,'2014-11-22','20:30:00','21:00:00',3,43),
	(551,'2014-11-22','12:00:00','15:30:00',7,11),
	(552,'2014-11-22','19:00:00','21:00:00',13,100),
	(553,'2014-11-22','10:00:00','13:00:00',3,93),
	(554,'2014-11-22','20:00:00','21:00:00',11,76),
	(555,'2014-11-22','16:00:00','20:00:00',7,67),
	(556,'2014-11-22','10:00:00','19:00:00',4,26),
	(557,'2014-11-22','17:00:00','17:30:00',11,98),
	(558,'2014-11-22','12:30:00','20:30:00',14,2),
	(559,'2014-11-22','21:00:00','21:30:00',14,70),
	(560,'2014-11-22','09:00:00','15:30:00',8,43),
	(561,'2014-11-22','18:30:00','19:30:00',11,9),
	(562,'2014-11-22','20:30:00','21:00:00',8,24),
	(563,'2014-11-22','21:00:00','21:30:00',12,8),
	(564,'2014-11-22','09:00:00','09:30:00',11,68),
	(565,'2014-11-22','19:30:00','20:00:00',5,51),
	(566,'2014-11-22','19:30:00','20:00:00',10,6),
	(567,'2014-11-22','21:00:00','21:30:00',6,27),
	(568,'2014-11-22','20:30:00','21:00:00',10,38),
	(569,'2014-11-22','16:30:00','17:00:00',13,20),
	(570,'2014-11-22','19:00:00','20:00:00',8,35),
	(571,'2014-11-22','14:30:00','15:00:00',10,77),
	(572,'2014-11-22','21:00:00','21:30:00',1,23),
	(573,'2014-11-23','20:00:00','21:00:00',5,3),
	(574,'2014-11-23','11:00:00','16:30:00',8,73),
	(575,'2014-11-23','10:30:00','17:30:00',5,88),
	(576,'2014-11-23','12:30:00','17:00:00',7,9),
	(577,'2014-11-23','10:30:00','14:30:00',1,35),
	(578,'2014-11-23','09:00:00','11:30:00',2,100),
	(579,'2014-11-23','17:00:00','21:00:00',12,60),
	(580,'2014-11-23','15:00:00','17:00:00',9,40),
	(581,'2014-11-23','20:30:00','21:00:00',4,98),
	(582,'2014-11-23','18:00:00','18:30:00',13,74),
	(583,'2014-11-23','14:00:00','15:00:00',6,92),
	(584,'2014-11-23','16:30:00','18:30:00',1,46),
	(585,'2014-11-23','15:00:00','17:30:00',3,33),
	(586,'2014-11-23','17:30:00','19:00:00',6,46),
	(587,'2014-11-23','14:30:00','16:00:00',13,31),
	(588,'2014-11-23','12:00:00','14:00:00',9,30),
	(589,'2014-11-23','16:30:00','20:00:00',4,98),
	(590,'2014-11-23','11:00:00','15:30:00',10,26),
	(591,'2014-11-23','19:00:00','20:30:00',2,85),
	(592,'2014-11-23','15:00:00','20:30:00',11,95),
	(593,'2014-11-23','12:00:00','16:00:00',14,95),
	(594,'2014-11-23','20:00:00','20:30:00',8,45),
	(595,'2014-11-23','19:30:00','20:00:00',10,7),
	(596,'2014-11-23','11:30:00','15:00:00',12,21),
	(597,'2014-11-23','21:00:00','21:30:00',13,68),
	(598,'2014-11-23','19:00:00','19:30:00',14,41),
	(599,'2014-11-23','15:30:00','16:30:00',6,38),
	(600,'2014-11-23','17:00:00','17:30:00',13,65),
	(601,'2014-11-23','19:00:00','20:00:00',1,46),
	(602,'2014-11-23','19:00:00','20:30:00',3,86),
	(603,'2014-11-23','17:30:00','19:00:00',8,88),
	(604,'2014-11-23','19:30:00','20:30:00',13,76),
	(605,'2014-11-23','18:30:00','19:00:00',9,49),
	(606,'2014-11-23','11:00:00','13:00:00',4,47),
	(607,'2014-11-23','20:30:00','21:00:00',7,23),
	(608,'2014-11-23','17:30:00','19:30:00',7,3),
	(609,'2014-11-23','20:00:00','21:00:00',9,71),
	(610,'2014-11-23','20:30:00','21:00:00',1,59),
	(611,'2014-11-23','10:30:00','12:00:00',13,62),
	(612,'2014-11-23','10:00:00','10:30:00',8,91),
	(613,'2014-11-24','21:00:00','21:30:00',6,48),
	(614,'2014-11-24','17:30:00','20:00:00',11,96),
	(615,'2014-11-24','17:30:00','19:00:00',12,90),
	(616,'2014-11-24','09:00:00','19:00:00',6,18),
	(617,'2014-11-24','17:30:00','18:00:00',2,78),
	(618,'2014-11-24','10:00:00','10:30:00',2,22),
	(619,'2014-11-24','20:30:00','21:00:00',13,89),
	(620,'2014-11-24','20:30:00','21:00:00',10,19),
	(621,'2014-11-24','16:30:00','17:00:00',10,45),
	(622,'2014-11-24','20:00:00','21:00:00',3,4),
	(623,'2014-11-24','13:00:00','14:30:00',1,98),
	(624,'2014-11-24','11:00:00','19:00:00',4,18),
	(625,'2014-11-24','10:00:00','13:00:00',12,65),
	(626,'2014-11-24','16:00:00','21:00:00',8,23),
	(627,'2014-11-24','12:00:00','17:00:00',9,59),
	(628,'2014-11-24','11:30:00','15:30:00',5,82),
	(629,'2014-11-24','18:30:00','19:00:00',2,85),
	(630,'2014-11-24','20:30:00','21:00:00',2,18),
	(631,'2014-11-24','12:30:00','21:00:00',14,46),
	(632,'2014-11-24','20:00:00','21:00:00',4,9),
	(633,'2014-11-24','21:00:00','21:30:00',5,84),
	(634,'2014-11-24','09:00:00','18:30:00',13,17),
	(635,'2014-11-24','20:00:00','21:00:00',9,62),
	(636,'2014-11-24','16:30:00','17:30:00',3,54),
	(637,'2014-11-24','20:30:00','21:00:00',11,6),
	(638,'2014-11-24','09:30:00','10:00:00',1,44),
	(639,'2014-11-24','16:30:00','20:00:00',7,64),
	(640,'2014-11-24','13:00:00','14:00:00',8,62),
	(641,'2014-11-24','14:30:00','16:30:00',12,85),
	(642,'2014-11-24','11:30:00','13:00:00',2,34),
	(643,'2014-11-24','19:30:00','21:00:00',12,53),
	(644,'2014-11-24','19:30:00','20:00:00',2,22),
	(645,'2014-11-24','18:30:00','20:30:00',1,50),
	(646,'2014-11-24','10:00:00','16:00:00',3,22),
	(647,'2014-11-25','19:00:00','19:30:00',5,6),
	(648,'2014-11-25','21:00:00','21:30:00',9,95),
	(649,'2014-11-25','19:30:00','20:30:00',2,45),
	(650,'2014-11-25','09:30:00','17:30:00',12,86),
	(651,'2014-11-25','11:00:00','20:00:00',11,38),
	(652,'2014-11-25','10:00:00','14:30:00',1,58),
	(653,'2014-11-25','20:00:00','20:30:00',10,39),
	(654,'2014-11-25','13:30:00','17:00:00',5,99),
	(655,'2014-11-25','13:30:00','16:30:00',6,20),
	(656,'2014-11-25','09:30:00','10:30:00',4,26),
	(657,'2014-11-25','20:30:00','21:00:00',1,2),
	(658,'2014-11-25','12:00:00','13:30:00',3,99),
	(659,'2014-11-25','18:00:00','18:30:00',2,22),
	(660,'2014-11-25','14:30:00','17:30:00',8,55),
	(661,'2014-11-25','14:00:00','20:00:00',7,44),
	(662,'2014-11-25','13:30:00','17:30:00',10,70),
	(663,'2014-11-25','16:30:00','20:00:00',1,81),
	(664,'2014-11-25','09:30:00','17:30:00',13,81),
	(665,'2014-11-25','15:00:00','21:00:00',4,97),
	(666,'2014-11-25','09:00:00','11:30:00',7,37),
	(667,'2014-11-25','13:00:00','15:30:00',14,57),
	(668,'2014-11-25','09:30:00','11:00:00',9,17),
	(669,'2014-11-25','19:30:00','20:00:00',6,88),
	(670,'2014-11-25','21:00:00','21:30:00',5,34),
	(671,'2014-11-25','21:00:00','21:30:00',10,81),
	(672,'2014-11-25','17:30:00','20:30:00',9,43),
	(673,'2014-11-25','20:30:00','21:00:00',14,100),
	(674,'2014-11-25','18:30:00','19:30:00',8,27),
	(675,'2014-11-25','17:00:00','19:30:00',3,47),
	(676,'2014-11-25','18:00:00','21:00:00',12,52),
	(677,'2014-11-25','13:00:00','15:00:00',9,7),
	(678,'2014-11-25','17:00:00','17:30:00',14,39),
	(679,'2014-11-25','16:30:00','17:30:00',2,36),
	(680,'2014-11-26','18:30:00','20:30:00',7,21),
	(681,'2014-11-26','09:00:00','20:30:00',12,57),
	(682,'2014-11-26','17:00:00','18:30:00',9,50),
	(683,'2014-11-26','11:30:00','12:00:00',8,73),
	(684,'2014-11-26','19:00:00','20:00:00',3,60),
	(685,'2014-11-26','10:30:00','16:30:00',4,83),
	(686,'2014-11-26','20:00:00','21:00:00',10,27),
	(687,'2014-11-26','14:00:00','19:30:00',1,40),
	(688,'2014-11-26','11:00:00','18:00:00',2,87),
	(689,'2014-11-26','16:30:00','17:30:00',3,81),
	(690,'2014-11-26','17:00:00','18:00:00',10,7),
	(691,'2014-11-26','09:00:00','18:00:00',5,40),
	(692,'2014-11-26','15:30:00','20:00:00',6,79),
	(693,'2014-11-26','18:30:00','21:00:00',4,7),
	(694,'2014-11-26','11:30:00','14:30:00',11,64),
	(695,'2014-11-26','12:00:00','14:30:00',10,4),
	(696,'2014-11-26','18:00:00','18:30:00',14,37),
	(697,'2014-11-26','13:30:00','14:00:00',6,73),
	(698,'2014-11-26','20:00:00','21:00:00',5,58),
	(699,'2014-11-26','20:30:00','21:00:00',1,96),
	(700,'2014-11-26','10:00:00','14:00:00',14,33),
	(701,'2014-11-26','21:00:00','21:30:00',6,64),
	(702,'2014-11-26','09:30:00','10:30:00',1,78),
	(703,'2014-11-26','14:00:00','17:00:00',7,44),
	(704,'2014-11-26','13:00:00','16:30:00',13,51),
	(705,'2014-11-26','17:30:00','18:00:00',13,54),
	(706,'2014-11-26','10:00:00','12:00:00',3,31),
	(707,'2014-11-26','15:00:00','19:00:00',11,11),
	(708,'2014-11-26','15:00:00','20:30:00',8,100),
	(709,'2014-11-26','18:30:00','20:30:00',13,87),
	(710,'2014-11-28','09:30:00','11:00:00',4,26),
	(711,'2014-11-28','18:30:00','20:30:00',13,90),
	(712,'2014-11-28','16:00:00','19:30:00',7,87),
	(713,'2014-11-28','15:30:00','17:00:00',13,83),
	(714,'2014-11-28','13:30:00','16:00:00',6,83),
	(715,'2014-11-28','19:30:00','20:30:00',10,8),
	(716,'2014-11-28','15:00:00','21:00:00',8,88),
	(717,'2014-11-28','09:30:00','11:30:00',12,84),
	(718,'2014-11-28','20:00:00','21:00:00',6,71),
	(719,'2014-11-28','14:00:00','15:30:00',14,33),
	(720,'2014-11-28','14:00:00','15:30:00',11,86),
	(721,'2014-11-28','14:30:00','19:00:00',5,16),
	(722,'2014-11-28','12:30:00','14:30:00',12,100),
	(723,'2014-11-28','09:00:00','11:30:00',13,9),
	(724,'2014-11-28','20:30:00','21:00:00',4,25),
	(725,'2014-11-28','17:00:00','19:00:00',2,90),
	(726,'2014-11-28','16:00:00','20:00:00',1,88),
	(727,'2014-11-28','12:00:00','15:30:00',7,53),
	(728,'2014-11-28','15:30:00','20:00:00',12,83),
	(729,'2014-11-28','17:30:00','20:00:00',4,43),
	(730,'2014-11-28','16:30:00','21:00:00',11,5),
	(731,'2014-11-28','09:30:00','16:00:00',3,30),
	(732,'2014-11-28','20:30:00','21:00:00',9,23),
	(733,'2014-11-28','17:00:00','19:30:00',14,43),
	(734,'2014-11-28','15:00:00','15:30:00',10,47),
	(735,'2014-11-28','20:00:00','20:30:00',7,15),
	(736,'2014-11-28','18:30:00','19:00:00',9,43),
	(737,'2014-11-28','10:00:00','14:00:00',5,78),
	(738,'2014-11-28','19:00:00','20:00:00',3,63),
	(739,'2014-11-28','14:30:00','15:00:00',13,69),
	(740,'2014-11-29','20:30:00','21:00:00',6,35),
	(741,'2014-11-29','20:00:00','21:00:00',7,3),
	(742,'2014-11-29','10:00:00','11:00:00',1,34),
	(743,'2014-11-29','14:30:00','21:00:00',9,40),
	(744,'2014-11-29','11:00:00','15:00:00',8,94),
	(745,'2014-11-29','18:00:00','19:00:00',12,2),
	(746,'2014-11-29','21:00:00','21:30:00',13,34),
	(747,'2014-11-29','11:00:00','14:30:00',4,47),
	(748,'2014-11-29','14:00:00','20:00:00',13,30),
	(749,'2014-11-29','18:30:00','20:30:00',14,45),
	(750,'2014-11-29','12:00:00','16:30:00',7,86),
	(751,'2014-11-29','18:30:00','19:30:00',3,75),
	(752,'2014-11-29','10:30:00','11:00:00',13,7),
	(753,'2014-11-29','17:00:00','18:30:00',6,87),
	(754,'2014-11-29','20:30:00','21:00:00',3,20),
	(755,'2014-11-29','14:30:00','18:00:00',3,40),
	(756,'2014-11-29','09:00:00','12:30:00',14,97),
	(757,'2014-11-29','16:30:00','17:00:00',14,57),
	(758,'2014-11-29','19:30:00','20:30:00',8,63),
	(759,'2014-11-29','21:00:00','21:30:00',14,88),
	(760,'2014-11-29','15:00:00','15:30:00',14,14),
	(761,'2014-11-29','11:00:00','17:30:00',10,97),
	(762,'2014-11-29','16:30:00','20:30:00',4,12),
	(763,'2014-11-29','13:00:00','20:30:00',5,15),
	(764,'2014-11-29','18:30:00','19:00:00',2,5),
	(765,'2014-11-29','09:00:00','11:30:00',6,42),
	(766,'2014-11-29','10:00:00','12:30:00',11,61),
	(767,'2014-11-29','14:30:00','18:00:00',2,52),
	(768,'2014-11-29','13:00:00','15:00:00',6,3),
	(769,'2014-11-29','20:30:00','21:00:00',2,11),
	(770,'2014-11-29','13:00:00','18:30:00',1,89),
	(771,'2014-11-29','15:00:00','16:30:00',12,69),
	(772,'2014-11-30','21:00:00','21:30:00',8,23),
	(773,'2014-11-30','10:30:00','19:00:00',5,88),
	(774,'2014-11-30','18:30:00','19:30:00',1,96),
	(775,'2014-11-30','15:00:00','19:00:00',8,96),
	(776,'2014-11-30','17:30:00','18:00:00',6,86),
	(777,'2014-11-30','21:00:00','21:30:00',14,11),
	(778,'2014-11-30','10:30:00','14:00:00',2,41),
	(779,'2014-11-30','09:00:00','17:00:00',3,62),
	(780,'2014-11-30','18:00:00','19:30:00',4,23),
	(781,'2014-11-30','09:00:00','11:30:00',11,78),
	(782,'2014-11-30','15:00:00','16:30:00',10,19),
	(783,'2014-11-30','16:30:00','19:30:00',11,6),
	(784,'2014-11-30','10:00:00','15:30:00',7,10),
	(785,'2014-11-30','21:00:00','21:30:00',10,71),
	(786,'2014-11-30','13:30:00','20:30:00',13,62),
	(787,'2014-11-30','21:00:00','21:30:00',1,50),
	(788,'2014-11-30','11:30:00','12:00:00',10,60),
	(789,'2014-11-30','17:30:00','18:00:00',12,5),
	(790,'2014-11-30','14:00:00','17:00:00',4,99),
	(791,'2014-11-30','09:30:00','15:30:00',6,80),
	(792,'2014-11-30','20:30:00','21:00:00',2,83),
	(793,'2014-11-30','19:00:00','20:30:00',9,69),
	(794,'2014-11-30','11:00:00','12:00:00',13,100),
	(795,'2014-11-30','11:00:00','11:30:00',9,68),
	(796,'2014-11-30','17:00:00','19:30:00',7,36),
	(797,'2014-11-30','21:00:00','21:30:00',4,32),
	(798,'2014-11-30','17:30:00','20:30:00',14,5),
	(799,'2014-11-30','11:00:00','16:30:00',1,15),
	(800,'2014-11-30','14:30:00','16:30:00',14,18),
	(801,'2014-11-30','14:00:00','18:30:00',9,9),
	(802,'2014-12-01','13:30:00','16:30:00',1,41),
	(803,'2014-12-01','13:00:00','15:00:00',6,47),
	(804,'2014-12-01','16:30:00','20:00:00',13,89),
	(805,'2014-12-01','20:30:00','21:00:00',9,50),
	(806,'2014-12-01','09:00:00','12:30:00',5,72),
	(807,'2014-12-01','09:30:00','15:00:00',14,10),
	(808,'2014-12-01','12:30:00','21:00:00',10,31),
	(809,'2014-12-01','20:00:00','20:30:00',8,7),
	(810,'2014-12-01','20:30:00','21:00:00',13,42),
	(811,'2014-12-01','19:00:00','21:00:00',12,50),
	(812,'2014-12-01','11:00:00','13:30:00',4,20),
	(813,'2014-12-01','17:00:00','18:30:00',3,23),
	(814,'2014-12-01','15:00:00','19:00:00',11,20),
	(815,'2014-12-01','11:30:00','13:00:00',2,54),
	(816,'2014-12-01','15:30:00','16:00:00',5,19),
	(817,'2014-12-01','21:00:00','21:30:00',3,19),
	(818,'2014-12-01','14:30:00','16:00:00',12,78),
	(819,'2014-12-01','18:30:00','20:00:00',5,7),
	(820,'2014-12-01','15:00:00','17:00:00',7,68),
	(821,'2014-12-01','11:30:00','12:30:00',13,44),
	(822,'2014-12-01','18:00:00','18:30:00',14,6),
	(823,'2014-12-01','16:00:00','21:00:00',6,58),
	(824,'2014-12-01','11:30:00','12:00:00',7,71),
	(825,'2014-12-01','10:00:00','12:00:00',12,36),
	(826,'2014-12-01','20:00:00','20:30:00',7,48),
	(827,'2014-12-01','09:00:00','10:00:00',6,87),
	(828,'2014-12-01','17:30:00','19:30:00',9,25),
	(829,'2014-12-01','20:00:00','21:00:00',2,46),
	(830,'2014-12-01','20:30:00','21:00:00',14,29),
	(831,'2014-12-01','19:30:00','20:30:00',3,57),
	(832,'2014-12-01','10:30:00','12:00:00',9,7),
	(833,'2014-12-02','15:00:00','21:00:00',5,44),
	(834,'2014-12-02','10:00:00','10:30:00',8,11),
	(835,'2014-12-02','15:30:00','20:30:00',6,12),
	(836,'2014-12-02','11:30:00','15:30:00',12,84),
	(837,'2014-12-02','13:00:00','17:00:00',1,18),
	(838,'2014-12-02','20:00:00','20:30:00',14,11),
	(839,'2014-12-02','18:00:00','19:30:00',12,8),
	(840,'2014-12-02','17:00:00','17:30:00',11,38),
	(841,'2014-12-02','10:00:00','15:30:00',10,30),
	(842,'2014-12-02','12:30:00','16:00:00',8,4),
	(843,'2014-12-02','19:00:00','21:00:00',3,35),
	(844,'2014-12-02','13:00:00','17:30:00',4,21),
	(845,'2014-12-02','20:00:00','20:30:00',9,20),
	(846,'2014-12-02','10:00:00','11:00:00',13,5),
	(847,'2014-12-02','20:30:00','21:00:00',4,8),
	(848,'2014-12-02','20:00:00','20:30:00',12,53),
	(849,'2014-12-02','21:00:00','21:30:00',14,75),
	(850,'2014-12-02','10:00:00','11:30:00',5,56),
	(851,'2014-12-02','20:00:00','21:00:00',2,72),
	(852,'2014-12-02','16:30:00','20:00:00',10,67),
	(853,'2014-12-02','20:30:00','21:00:00',8,83),
	(854,'2014-12-02','11:30:00','14:30:00',3,94),
	(855,'2014-12-02','11:00:00','16:30:00',2,33),
	(856,'2014-12-02','09:00:00','11:00:00',4,67),
	(857,'2014-12-02','12:30:00','18:00:00',13,84),
	(858,'2014-12-02','11:00:00','12:00:00',6,97),
	(859,'2014-12-02','09:30:00','10:00:00',2,94),
	(860,'2014-12-02','11:00:00','17:00:00',9,35),
	(861,'2014-12-02','19:30:00','20:30:00',13,60),
	(862,'2014-12-02','19:30:00','21:00:00',7,71),
	(863,'2014-12-02','19:00:00','21:00:00',1,29),
	(864,'2014-12-02','21:00:00','21:30:00',12,27),
	(865,'2014-12-02','10:00:00','14:00:00',14,76),
	(866,'2014-12-03','15:30:00','19:00:00',13,10),
	(867,'2014-12-03','10:30:00','19:30:00',10,6),
	(868,'2014-12-03','19:30:00','20:00:00',9,6),
	(869,'2014-12-03','16:00:00','20:30:00',5,73),
	(870,'2014-12-03','12:00:00','15:30:00',3,34),
	(871,'2014-12-03','16:00:00','17:00:00',3,12),
	(872,'2014-12-03','21:00:00','21:30:00',5,27),
	(873,'2014-12-03','15:00:00','16:30:00',1,84),
	(874,'2014-12-03','19:00:00','21:00:00',14,97),
	(875,'2014-12-03','18:00:00','18:30:00',9,61),
	(876,'2014-12-03','15:30:00','20:30:00',12,100),
	(877,'2014-12-03','12:00:00','15:00:00',12,2),
	(878,'2014-12-03','14:30:00','15:30:00',7,99),
	(879,'2014-12-03','20:00:00','20:30:00',6,78),
	(880,'2014-12-03','14:30:00','18:30:00',4,45),
	(881,'2014-12-03','14:00:00','20:00:00',8,90),
	(882,'2014-12-03','21:00:00','21:30:00',4,85),
	(883,'2014-12-03','21:00:00','21:30:00',13,42),
	(884,'2014-12-03','12:30:00','14:30:00',11,28),
	(885,'2014-12-03','10:30:00','13:00:00',8,64),
	(886,'2014-12-03','14:00:00','17:00:00',14,81),
	(887,'2014-12-03','20:00:00','20:30:00',3,11),
	(888,'2014-12-03','11:00:00','13:00:00',9,2),
	(889,'2014-12-03','15:30:00','19:30:00',11,72),
	(890,'2014-12-03','14:00:00','20:00:00',2,51),
	(891,'2014-12-03','21:00:00','21:30:00',8,82),
	(892,'2014-12-03','15:30:00','18:30:00',6,28),
	(893,'2014-12-03','09:00:00','09:30:00',1,2),
	(894,'2014-12-03','09:00:00','12:00:00',6,13),
	(895,'2014-12-03','20:00:00','20:30:00',7,87),
	(896,'2014-12-03','20:30:00','21:00:00',1,69),
	(897,'2014-12-05','11:30:00','13:00:00',4,8),
	(898,'2014-12-05','17:00:00','18:00:00',1,54),
	(899,'2014-12-05','11:00:00','13:30:00',14,44),
	(900,'2014-12-05','16:30:00','20:30:00',12,87),
	(901,'2014-12-05','10:00:00','17:30:00',3,96),
	(902,'2014-12-05','21:00:00','21:30:00',9,7),
	(903,'2014-12-05','16:30:00','21:00:00',5,22),
	(904,'2014-12-05','17:30:00','18:00:00',6,52),
	(905,'2014-12-05','13:00:00','13:30:00',8,44),
	(906,'2014-12-05','12:30:00','20:00:00',13,48),
	(907,'2014-12-05','21:00:00','21:30:00',14,98),
	(908,'2014-12-05','10:30:00','11:00:00',11,60),
	(909,'2014-12-05','14:00:00','14:30:00',2,32),
	(910,'2014-12-05','10:30:00','19:30:00',7,48),
	(911,'2014-12-05','20:00:00','21:00:00',3,100),
	(912,'2014-12-05','18:30:00','20:00:00',8,8),
	(913,'2014-12-05','15:00:00','17:00:00',9,77),
	(914,'2014-12-05','13:30:00','16:30:00',6,38),
	(915,'2014-12-05','16:30:00','17:30:00',8,11),
	(916,'2014-12-05','09:30:00','11:00:00',12,70),
	(917,'2014-12-05','15:00:00','17:00:00',14,3),
	(918,'2014-12-05','19:00:00','21:00:00',6,80),
	(919,'2014-12-05','10:30:00','13:30:00',10,61),
	(920,'2014-12-05','15:30:00','19:00:00',10,64),
	(921,'2014-12-05','21:00:00','21:30:00',12,16),
	(922,'2014-12-05','20:00:00','21:00:00',11,100),
	(923,'2014-12-05','20:00:00','21:00:00',7,52),
	(924,'2014-12-05','11:30:00','12:00:00',2,26),
	(925,'2014-12-05','19:30:00','21:00:00',10,60),
	(926,'2014-12-05','18:30:00','20:00:00',2,72),
	(927,'2014-12-05','14:00:00','14:30:00',11,54),
	(928,'2014-12-06','10:00:00','18:00:00',7,95),
	(929,'2014-12-06','19:00:00','21:00:00',12,34),
	(930,'2014-12-06','10:30:00','20:00:00',3,4),
	(931,'2014-12-06','10:30:00','12:30:00',13,4),
	(932,'2014-12-06','18:00:00','20:30:00',2,40),
	(933,'2014-12-06','12:00:00','17:00:00',11,91),
	(934,'2014-12-06','12:00:00','12:30:00',5,17),
	(935,'2014-12-06','16:00:00','21:00:00',10,53),
	(936,'2014-12-06','16:00:00','18:30:00',6,18),
	(937,'2014-12-06','14:00:00','16:00:00',8,59),
	(938,'2014-12-06','13:00:00','20:00:00',9,28),
	(939,'2014-12-06','14:00:00','15:30:00',10,34),
	(940,'2014-12-06','11:30:00','16:30:00',12,98),
	(941,'2014-12-06','14:00:00','17:30:00',14,50),
	(942,'2014-12-06','21:00:00','21:30:00',4,41),
	(943,'2014-12-06','19:30:00','20:00:00',4,14),
	(944,'2014-12-06','14:30:00','19:00:00',13,80),
	(945,'2014-12-06','16:30:00','19:00:00',1,90),
	(946,'2014-12-06','09:30:00','15:00:00',4,25),
	(947,'2014-12-06','11:30:00','12:30:00',2,91),
	(948,'2014-12-06','21:00:00','21:30:00',1,89),
	(949,'2014-12-06','13:00:00','15:00:00',6,74),
	(950,'2014-12-06','18:00:00','18:30:00',14,40),
	(951,'2014-12-06','20:00:00','21:00:00',6,20),
	(952,'2014-12-06','10:30:00','14:30:00',1,2),
	(953,'2014-12-06','18:00:00','21:00:00',5,85),
	(954,'2014-12-06','16:30:00','19:00:00',4,42),
	(955,'2014-12-06','10:00:00','12:00:00',14,87),
	(956,'2014-12-06','13:30:00','16:00:00',2,54),
	(957,'2014-12-07','10:00:00','20:30:00',8,100),
	(958,'2014-12-07','10:00:00','17:30:00',1,69),
	(959,'2014-12-07','16:30:00','17:30:00',10,41),
	(960,'2014-12-07','11:00:00','20:00:00',14,26),
	(961,'2014-12-07','15:00:00','16:30:00',2,68),
	(962,'2014-12-07','12:30:00','20:30:00',9,50),
	(963,'2014-12-07','15:00:00','21:00:00',13,13),
	(964,'2014-12-07','11:00:00','19:00:00',5,41),
	(965,'2014-12-07','11:30:00','18:30:00',6,76),
	(966,'2014-12-07','20:30:00','21:00:00',6,12),
	(967,'2014-12-07','12:30:00','13:30:00',12,98),
	(968,'2014-12-07','09:00:00','10:30:00',3,70),
	(969,'2014-12-07','20:00:00','20:30:00',5,51),
	(970,'2014-12-07','10:30:00','11:30:00',7,48),
	(971,'2014-12-07','15:30:00','21:00:00',7,34),
	(972,'2014-12-07','09:30:00','19:30:00',4,77),
	(973,'2014-12-07','21:00:00','21:30:00',3,77),
	(974,'2014-12-07','20:00:00','20:30:00',1,60),
	(975,'2014-12-07','19:00:00','20:30:00',12,69),
	(976,'2014-12-07','10:30:00','13:00:00',2,37),
	(977,'2014-12-07','14:30:00','17:30:00',12,54),
	(978,'2014-12-07','11:30:00','12:00:00',10,46),
	(979,'2014-12-07','19:00:00','20:30:00',10,98),
	(980,'2014-12-07','12:00:00','20:00:00',11,1),
	(981,'2014-12-07','15:00:00','20:00:00',3,69),
	(982,'2014-12-07','09:00:00','09:30:00',14,66),
	(983,'2014-12-07','18:00:00','20:30:00',2,19),
	(984,'2014-12-07','13:00:00','13:30:00',3,27),
	(985,'2014-12-07','20:30:00','21:00:00',14,54),
	(986,'2014-12-07','21:00:00','21:30:00',12,63),
	(987,'2014-12-08','11:00:00','20:00:00',2,46),
	(988,'2014-12-08','19:00:00','20:30:00',7,55),
	(989,'2014-12-08','11:30:00','18:30:00',14,88),
	(990,'2014-12-08','21:00:00','21:30:00',9,90),
	(991,'2014-12-08','18:00:00','21:00:00',11,73),
	(992,'2014-12-08','10:30:00','12:30:00',8,97),
	(993,'2014-12-08','19:00:00','21:00:00',14,5),
	(994,'2014-12-08','17:30:00','19:30:00',8,11),
	(995,'2014-12-08','10:30:00','17:30:00',5,100),
	(996,'2014-12-08','13:30:00','20:30:00',6,33),
	(997,'2014-12-08','09:30:00','18:00:00',3,24),
	(998,'2014-12-08','21:00:00','21:30:00',10,34),
	(999,'2014-12-08','12:30:00','16:30:00',7,21),
	(1000,'2014-12-08','09:30:00','11:00:00',12,82),
	(1001,'2014-12-08','21:00:00','21:30:00',8,76),
	(1002,'2014-12-08','20:30:00','21:00:00',13,86),
	(1003,'2014-12-08','12:30:00','14:30:00',9,59),
	(1004,'2014-12-08','21:00:00','21:30:00',1,18),
	(1005,'2014-12-08','20:30:00','21:00:00',4,92),
	(1006,'2014-12-08','18:30:00','19:30:00',4,67),
	(1007,'2014-12-08','10:00:00','12:30:00',6,90),
	(1008,'2014-12-08','14:00:00','17:30:00',1,99),
	(1009,'2014-12-08','12:00:00','12:30:00',4,77),
	(1010,'2014-12-08','19:30:00','21:00:00',12,33),
	(1011,'2014-12-08','13:30:00','20:30:00',10,32),
	(1012,'2014-12-08','15:00:00','19:00:00',13,38),
	(1013,'2014-12-08','20:00:00','20:30:00',3,47),
	(1014,'2014-12-08','13:00:00','14:00:00',4,1),
	(1015,'2014-12-08','12:00:00','16:30:00',12,45),
	(1016,'2014-12-08','12:30:00','14:30:00',13,63),
	(1017,'2014-12-08','10:00:00','11:00:00',9,86),
	(1018,'2014-12-09','10:00:00','16:00:00',9,93),
	(1019,'2014-12-09','19:30:00','21:00:00',3,21),
	(1020,'2014-12-09','19:00:00','19:30:00',5,99),
	(1021,'2014-12-09','17:00:00','17:30:00',13,64),
	(1022,'2014-12-09','18:00:00','20:00:00',4,20),
	(1023,'2014-12-09','16:00:00','18:00:00',1,3),
	(1024,'2014-12-09','12:00:00','16:30:00',5,16),
	(1025,'2014-12-09','13:00:00','19:30:00',6,79),
	(1026,'2014-12-09','12:30:00','18:30:00',3,5),
	(1027,'2014-12-09','14:30:00','16:30:00',4,36),
	(1028,'2014-12-09','12:00:00','15:30:00',13,56),
	(1029,'2014-12-09','20:30:00','21:00:00',4,94),
	(1030,'2014-12-09','15:00:00','19:00:00',14,17),
	(1031,'2014-12-09','19:30:00','21:00:00',9,19),
	(1032,'2014-12-09','10:30:00','13:00:00',1,88),
	(1033,'2014-12-09','18:30:00','20:00:00',11,83),
	(1034,'2014-12-09','16:00:00','17:00:00',7,4),
	(1035,'2014-12-09','19:30:00','21:00:00',14,34),
	(1036,'2014-12-09','10:30:00','13:00:00',12,5),
	(1037,'2014-12-09','09:00:00','14:00:00',8,90),
	(1038,'2014-12-09','21:00:00','21:30:00',8,97),
	(1039,'2014-12-09','19:30:00','21:00:00',13,18),
	(1040,'2014-12-09','20:00:00','20:30:00',2,100),
	(1041,'2014-12-09','17:30:00','21:00:00',7,89),
	(1042,'2014-12-09','18:00:00','19:00:00',2,31),
	(1043,'2014-12-09','19:00:00','20:00:00',10,41),
	(1044,'2014-12-09','20:30:00','21:00:00',1,82),
	(1045,'2014-12-09','10:00:00','10:30:00',5,75),
	(1046,'2014-12-09','17:00:00','18:30:00',12,75),
	(1047,'2014-12-09','09:30:00','11:30:00',4,92),
	(1048,'2014-12-10','09:30:00','16:30:00',4,83),
	(1049,'2014-12-10','14:30:00','15:30:00',7,38),
	(1050,'2014-12-10','19:30:00','21:00:00',5,79),
	(1051,'2014-12-10','13:30:00','16:30:00',13,38),
	(1052,'2014-12-10','20:30:00','21:00:00',13,4),
	(1053,'2014-12-10','19:00:00','19:30:00',2,56),
	(1054,'2014-12-10','19:00:00','20:00:00',14,14),
	(1055,'2014-12-10','12:30:00','16:00:00',6,35),
	(1056,'2014-12-10','21:00:00','21:30:00',6,63),
	(1057,'2014-12-10','12:00:00','12:30:00',2,87),
	(1058,'2014-12-10','18:30:00','21:00:00',9,83),
	(1059,'2014-12-10','18:00:00','20:30:00',1,86),
	(1060,'2014-12-10','11:30:00','13:30:00',3,43),
	(1061,'2014-12-10','13:30:00','14:00:00',9,59),
	(1062,'2014-12-10','09:30:00','15:00:00',11,75),
	(1063,'2014-12-10','21:00:00','21:30:00',11,6),
	(1064,'2014-12-10','18:00:00','21:00:00',12,39),
	(1065,'2014-12-10','12:00:00','13:00:00',1,70),
	(1066,'2014-12-10','20:00:00','21:00:00',2,7),
	(1067,'2014-12-10','17:00:00','18:00:00',10,54),
	(1068,'2014-12-10','20:30:00','21:00:00',10,44),
	(1069,'2014-12-10','18:00:00','20:30:00',7,92),
	(1070,'2014-12-10','12:30:00','14:30:00',12,62),
	(1071,'2014-12-10','19:30:00','21:00:00',8,82),
	(1072,'2014-12-10','14:30:00','15:30:00',5,12),
	(1073,'2014-12-10','17:00:00','17:30:00',13,53),
	(1074,'2014-12-10','12:00:00','13:30:00',5,75),
	(1075,'2014-12-10','17:00:00','18:30:00',2,23),
	(1076,'2014-12-10','17:30:00','18:30:00',14,75),
	(1077,'2014-12-12','12:30:00','20:00:00',1,66),
	(1078,'2014-12-12','11:30:00','17:00:00',2,57),
	(1079,'2014-12-12','12:30:00','19:30:00',8,40),
	(1080,'2014-12-12','20:30:00','21:00:00',6,86),
	(1081,'2014-12-12','19:30:00','21:00:00',9,26),
	(1082,'2014-12-12','17:00:00','19:30:00',14,11),
	(1083,'2014-12-12','13:00:00','17:30:00',11,72),
	(1084,'2014-12-12','21:00:00','21:30:00',4,86),
	(1085,'2014-12-12','17:00:00','18:30:00',9,78),
	(1086,'2014-12-12','09:00:00','17:00:00',6,3),
	(1087,'2014-12-12','18:30:00','20:30:00',7,13),
	(1088,'2014-12-12','21:00:00','21:30:00',5,39),
	(1089,'2014-12-12','19:30:00','20:00:00',12,6),
	(1090,'2014-12-12','10:30:00','19:30:00',3,26),
	(1091,'2014-12-12','18:30:00','20:30:00',2,53),
	(1092,'2014-12-12','13:00:00','16:00:00',5,88),
	(1093,'2014-12-12','19:00:00','19:30:00',4,60),
	(1094,'2014-12-12','11:30:00','12:30:00',14,88),
	(1095,'2014-12-12','19:30:00','20:30:00',13,6),
	(1096,'2014-12-12','10:00:00','12:00:00',7,58),
	(1097,'2014-12-12','15:30:00','18:00:00',12,73),
	(1098,'2014-12-12','21:00:00','21:30:00',3,5),
	(1099,'2014-12-12','21:00:00','21:30:00',12,18),
	(1100,'2014-12-12','12:30:00','15:00:00',9,71),
	(1101,'2014-12-12','10:30:00','16:30:00',4,13),
	(1102,'2014-12-12','09:30:00','13:00:00',13,76),
	(1103,'2014-12-12','16:00:00','17:30:00',10,7),
	(1104,'2014-12-12','13:30:00','14:30:00',7,82),
	(1105,'2014-12-12','09:00:00','12:00:00',12,63),
	(1106,'2014-12-13','19:30:00','21:00:00',2,16),
	(1107,'2014-12-13','13:30:00','16:30:00',10,72),
	(1108,'2014-12-13','14:00:00','17:00:00',9,20),
	(1109,'2014-12-13','11:00:00','20:00:00',4,98),
	(1110,'2014-12-13','17:30:00','19:00:00',7,86),
	(1111,'2014-12-13','12:00:00','13:30:00',3,93),
	(1112,'2014-12-13','12:30:00','18:00:00',8,16),
	(1113,'2014-12-13','11:30:00','21:00:00',1,51),
	(1114,'2014-12-13','19:00:00','20:30:00',3,20),
	(1115,'2014-12-13','20:30:00','21:00:00',9,80),
	(1116,'2014-12-13','14:30:00','19:00:00',11,12),
	(1117,'2014-12-13','16:30:00','17:00:00',12,61),
	(1118,'2014-12-13','09:00:00','10:30:00',12,91),
	(1119,'2014-12-13','09:00:00','20:00:00',5,22),
	(1120,'2014-12-13','20:30:00','21:00:00',13,85),
	(1121,'2014-12-13','12:30:00','18:00:00',2,46),
	(1122,'2014-12-13','13:00:00','19:30:00',6,10),
	(1123,'2014-12-13','20:00:00','20:30:00',10,22),
	(1124,'2014-12-13','20:30:00','21:00:00',4,95),
	(1125,'2014-12-13','09:00:00','18:00:00',14,13),
	(1126,'2014-12-13','10:30:00','12:30:00',7,27),
	(1127,'2014-12-13','11:00:00','13:00:00',10,93),
	(1128,'2014-12-13','18:30:00','19:00:00',14,26),
	(1129,'2014-12-13','15:30:00','18:30:00',13,80),
	(1130,'2014-12-13','09:30:00','10:30:00',9,90),
	(1131,'2014-12-13','17:00:00','18:30:00',3,72),
	(1132,'2014-12-13','20:00:00','20:30:00',14,51),
	(1133,'2014-12-13','19:30:00','20:30:00',12,82),
	(1134,'2014-12-13','09:30:00','11:00:00',2,32),
	(1135,'2014-12-13','19:30:00','20:30:00',7,38),
	(1136,'2014-12-13','18:30:00','21:00:00',8,9),
	(1137,'2014-12-14','14:30:00','16:30:00',8,60),
	(1138,'2014-12-14','19:30:00','20:00:00',6,53),
	(1139,'2014-12-14','15:00:00','20:00:00',1,28),
	(1140,'2014-12-14','11:00:00','19:00:00',7,43),
	(1141,'2014-12-14','16:00:00','17:30:00',12,65),
	(1142,'2014-12-14','10:00:00','10:30:00',3,47),
	(1143,'2014-12-14','13:30:00','17:30:00',13,87),
	(1144,'2014-12-14','18:30:00','20:00:00',9,39),
	(1145,'2014-12-14','15:00:00','21:00:00',14,7),
	(1146,'2014-12-14','10:00:00','15:00:00',10,34),
	(1147,'2014-12-14','17:00:00','21:00:00',11,50),
	(1148,'2014-12-14','14:00:00','21:00:00',3,53),
	(1149,'2014-12-14','19:00:00','21:00:00',8,96),
	(1150,'2014-12-14','12:00:00','21:00:00',5,40),
	(1151,'2014-12-14','14:00:00','19:30:00',2,5),
	(1152,'2014-12-14','19:30:00','20:00:00',10,96),
	(1153,'2014-12-14','09:00:00','20:00:00',4,21),
	(1154,'2014-12-14','21:00:00','21:30:00',9,44),
	(1155,'2014-12-14','09:30:00','12:00:00',2,30),
	(1156,'2014-12-14','19:30:00','20:00:00',12,46),
	(1157,'2014-12-14','18:00:00','18:30:00',8,48),
	(1158,'2014-12-14','20:30:00','21:00:00',1,27),
	(1159,'2014-12-14','21:00:00','21:30:00',12,90),
	(1160,'2014-12-14','12:00:00','15:30:00',11,63),
	(1161,'2014-12-14','11:30:00','12:30:00',14,96),
	(1162,'2014-12-14','18:30:00','21:00:00',13,51),
	(1163,'2014-12-14','15:30:00','19:00:00',6,49),
	(1164,'2014-12-14','20:30:00','21:00:00',6,17),
	(1165,'2014-12-14','12:00:00','13:30:00',12,11),
	(1166,'2014-12-15','15:00:00','17:00:00',1,83),
	(1167,'2014-12-15','10:00:00','16:00:00',12,98),
	(1168,'2014-12-15','18:00:00','18:30:00',1,86),
	(1169,'2014-12-15','15:00:00','19:00:00',3,90),
	(1170,'2014-12-15','19:00:00','20:00:00',6,75),
	(1171,'2014-12-15','18:30:00','19:00:00',13,34),
	(1172,'2014-12-15','13:00:00','19:00:00',7,17),
	(1173,'2014-12-15','19:30:00','20:00:00',5,85),
	(1174,'2014-12-15','13:00:00','18:30:00',6,40),
	(1175,'2014-12-15','11:00:00','15:00:00',13,22),
	(1176,'2014-12-15','20:30:00','21:00:00',12,94),
	(1177,'2014-12-15','09:00:00','18:30:00',5,15),
	(1178,'2014-12-15','14:30:00','18:00:00',10,77),
	(1179,'2014-12-15','09:30:00','15:30:00',11,44),
	(1180,'2014-12-15','13:30:00','18:30:00',8,23),
	(1181,'2014-12-15','16:30:00','17:00:00',11,43),
	(1182,'2014-12-15','12:30:00','15:00:00',4,22),
	(1183,'2014-12-15','20:30:00','21:00:00',6,64),
	(1184,'2014-12-15','17:00:00','20:30:00',14,8),
	(1185,'2014-12-15','13:00:00','20:00:00',2,23),
	(1186,'2014-12-15','12:00:00','14:30:00',9,73),
	(1187,'2014-12-15','18:00:00','19:30:00',9,38),
	(1188,'2014-12-15','17:00:00','18:00:00',13,76),
	(1189,'2014-12-15','20:30:00','21:00:00',10,92),
	(1190,'2014-12-15','19:00:00','20:00:00',11,17),
	(1191,'2014-12-15','10:00:00','11:00:00',6,27),
	(1192,'2014-12-15','21:00:00','21:30:00',1,30),
	(1193,'2014-12-15','20:00:00','20:30:00',9,1),
	(1194,'2014-12-15','09:00:00','11:30:00',2,93),
	(1195,'2014-12-16','11:00:00','16:00:00',6,22),
	(1196,'2014-12-16','18:30:00','19:30:00',13,32),
	(1197,'2014-12-16','12:30:00','21:00:00',8,17),
	(1198,'2014-12-16','18:30:00','20:30:00',1,18),
	(1199,'2014-12-16','20:30:00','21:00:00',5,54),
	(1200,'2014-12-16','20:30:00','21:00:00',2,33),
	(1201,'2014-12-16','20:30:00','21:00:00',10,54),
	(1202,'2014-12-16','18:30:00','20:30:00',9,69),
	(1203,'2014-12-16','14:30:00','15:30:00',4,68),
	(1204,'2014-12-16','19:00:00','20:00:00',11,55),
	(1205,'2014-12-16','20:30:00','21:00:00',11,74),
	(1206,'2014-12-16','11:30:00','15:30:00',10,31),
	(1207,'2014-12-16','09:30:00','18:00:00',13,97),
	(1208,'2014-12-16','11:00:00','16:30:00',9,63),
	(1209,'2014-12-16','17:30:00','20:00:00',7,93),
	(1210,'2014-12-16','09:30:00','11:30:00',4,48),
	(1211,'2014-12-16','17:30:00','18:00:00',2,84),
	(1212,'2014-12-16','16:00:00','20:30:00',4,78),
	(1213,'2014-12-16','16:00:00','20:00:00',14,73),
	(1214,'2014-12-16','15:30:00','16:00:00',11,52),
	(1215,'2014-12-16','10:00:00','14:30:00',3,87),
	(1216,'2014-12-16','14:30:00','16:00:00',1,34),
	(1217,'2014-12-16','09:30:00','11:00:00',8,31),
	(1218,'2014-12-16','19:00:00','19:30:00',6,66),
	(1219,'2014-12-16','18:30:00','19:30:00',5,32),
	(1220,'2014-12-16','16:30:00','17:30:00',10,43),
	(1221,'2014-12-16','16:30:00','18:00:00',3,85),
	(1222,'2014-12-16','09:30:00','14:30:00',7,52),
	(1223,'2014-12-17','15:30:00','19:30:00',11,85),
	(1224,'2014-12-17','09:30:00','16:00:00',6,39),
	(1225,'2014-12-17','13:30:00','18:00:00',9,100),
	(1226,'2014-12-17','21:00:00','21:30:00',11,1),
	(1227,'2014-12-17','15:00:00','17:30:00',3,5),
	(1228,'2014-12-17','14:30:00','16:30:00',12,20),
	(1229,'2014-12-17','18:30:00','20:30:00',5,9),
	(1230,'2014-12-17','14:30:00','17:30:00',13,80),
	(1231,'2014-12-17','09:00:00','18:30:00',1,47),
	(1232,'2014-12-17','19:30:00','20:30:00',1,80),
	(1233,'2014-12-17','20:30:00','21:00:00',6,65),
	(1234,'2014-12-17','18:30:00','20:30:00',4,57),
	(1235,'2014-12-17','20:30:00','21:00:00',10,9),
	(1236,'2014-12-17','10:00:00','11:00:00',8,25),
	(1237,'2014-12-17','15:30:00','16:00:00',8,43),
	(1238,'2014-12-17','13:00:00','16:30:00',5,72),
	(1239,'2014-12-17','19:00:00','20:00:00',9,71),
	(1240,'2014-12-17','09:00:00','12:30:00',14,87),
	(1241,'2014-12-17','10:30:00','18:00:00',4,34),
	(1242,'2014-12-17','16:30:00','17:30:00',7,89),
	(1243,'2014-12-17','10:00:00','15:30:00',7,11),
	(1244,'2014-12-17','11:00:00','13:30:00',12,64),
	(1245,'2014-12-17','21:00:00','21:30:00',12,3),
	(1246,'2014-12-17','21:00:00','21:30:00',2,73),
	(1247,'2014-12-17','20:00:00','20:30:00',2,77),
	(1248,'2014-12-17','19:00:00','20:00:00',12,8),
	(1249,'2014-12-17','19:00:00','20:00:00',6,91),
	(1250,'2014-12-19','12:00:00','14:00:00',13,53),
	(1251,'2014-12-19','18:00:00','19:00:00',12,76),
	(1252,'2014-12-19','19:00:00','21:00:00',5,99),
	(1253,'2014-12-19','13:30:00','20:30:00',3,30),
	(1254,'2014-12-19','09:00:00','11:00:00',2,51),
	(1255,'2014-12-19','21:00:00','21:30:00',13,88),
	(1256,'2014-12-19','13:00:00','18:30:00',4,23),
	(1257,'2014-12-19','10:00:00','14:00:00',5,64),
	(1258,'2014-12-19','16:00:00','17:00:00',5,23),
	(1259,'2014-12-19','13:00:00','21:00:00',2,16),
	(1260,'2014-12-19','21:00:00','21:30:00',6,43),
	(1261,'2014-12-19','09:00:00','18:00:00',1,53),
	(1262,'2014-12-19','19:30:00','20:00:00',12,13),
	(1263,'2014-12-19','16:30:00','21:00:00',14,73),
	(1264,'2014-12-19','17:00:00','21:00:00',11,21),
	(1265,'2014-12-19','14:30:00','20:30:00',7,68),
	(1266,'2014-12-19','20:30:00','21:00:00',4,12),
	(1267,'2014-12-19','19:30:00','20:00:00',13,10),
	(1268,'2014-12-19','18:00:00','20:30:00',6,21),
	(1269,'2014-12-19','10:00:00','11:00:00',10,78),
	(1270,'2014-12-19','15:00:00','18:00:00',8,6),
	(1271,'2014-12-19','12:30:00','13:00:00',6,48),
	(1272,'2014-12-19','21:00:00','21:30:00',3,24),
	(1273,'2014-12-19','21:00:00','21:30:00',12,68),
	(1274,'2014-12-19','18:30:00','20:30:00',9,45),
	(1275,'2014-12-19','11:30:00','17:00:00',12,74),
	(1276,'2014-12-19','18:00:00','19:00:00',13,27),
	(1277,'2014-12-19','18:30:00','19:30:00',8,23),
	(1278,'2014-12-20','15:00:00','18:00:00',10,12),
	(1279,'2014-12-20','18:30:00','21:00:00',6,75),
	(1280,'2014-12-20','11:30:00','20:00:00',12,69),
	(1281,'2014-12-20','12:30:00','18:00:00',11,2),
	(1282,'2014-12-20','13:30:00','17:00:00',13,78),
	(1283,'2014-12-20','18:00:00','19:00:00',4,36),
	(1284,'2014-12-20','10:00:00','14:30:00',6,6),
	(1285,'2014-12-20','16:30:00','19:30:00',2,90),
	(1286,'2014-12-20','21:00:00','21:30:00',11,83),
	(1287,'2014-12-20','19:00:00','20:30:00',1,18),
	(1288,'2014-12-20','13:00:00','15:30:00',1,73),
	(1289,'2014-12-20','20:30:00','21:00:00',14,23),
	(1290,'2014-12-20','09:00:00','10:00:00',13,71),
	(1291,'2014-12-20','18:00:00','20:30:00',3,83),
	(1292,'2014-12-20','16:30:00','18:30:00',14,2),
	(1293,'2014-12-20','19:00:00','20:00:00',5,2),
	(1294,'2014-12-20','11:00:00','17:30:00',3,59),
	(1295,'2014-12-20','17:00:00','18:30:00',5,7),
	(1296,'2014-12-20','19:30:00','20:00:00',10,49),
	(1297,'2014-12-20','21:00:00','21:30:00',8,74),
	(1298,'2014-12-20','14:30:00','20:00:00',8,59),
	(1299,'2014-12-20','16:30:00','19:00:00',9,75),
	(1300,'2014-12-20','19:30:00','20:30:00',11,57),
	(1301,'2014-12-20','12:00:00','14:00:00',2,45),
	(1302,'2014-12-20','21:00:00','21:30:00',5,99),
	(1303,'2014-12-20','20:30:00','21:00:00',10,12),
	(1304,'2014-12-20','21:00:00','21:30:00',7,80),
	(1305,'2014-12-20','20:30:00','21:00:00',12,43),
	(1306,'2014-12-21','09:30:00','19:00:00',8,31),
	(1307,'2014-12-21','18:30:00','20:30:00',9,85),
	(1308,'2014-12-21','20:30:00','21:00:00',4,66),
	(1309,'2014-12-21','11:00:00','19:30:00',11,24),
	(1310,'2014-12-21','20:30:00','21:00:00',6,14),
	(1311,'2014-12-21','13:00:00','14:30:00',6,34),
	(1312,'2014-12-21','11:30:00','13:00:00',5,93),
	(1313,'2014-12-21','20:00:00','20:30:00',10,82),
	(1314,'2014-12-21','19:30:00','20:30:00',12,28),
	(1315,'2014-12-21','12:00:00','14:30:00',7,22),
	(1316,'2014-12-21','13:00:00','14:30:00',4,79),
	(1317,'2014-12-21','10:00:00','12:00:00',13,48),
	(1318,'2014-12-21','14:30:00','19:00:00',3,27),
	(1319,'2014-12-21','10:30:00','12:30:00',6,82),
	(1320,'2014-12-21','21:00:00','21:30:00',7,2),
	(1321,'2014-12-21','17:00:00','19:30:00',2,19),
	(1322,'2014-12-21','16:30:00','17:00:00',1,82),
	(1323,'2014-12-21','16:30:00','19:30:00',10,5),
	(1324,'2014-12-21','15:00:00','16:00:00',2,18),
	(1325,'2014-12-21','17:00:00','21:00:00',14,65),
	(1326,'2014-12-21','17:30:00','19:30:00',5,54),
	(1327,'2014-12-21','19:30:00','21:00:00',13,90),
	(1328,'2014-12-21','21:00:00','21:30:00',9,5),
	(1329,'2014-12-21','10:30:00','12:30:00',4,62),
	(1330,'2014-12-21','12:30:00','13:30:00',1,79),
	(1331,'2014-12-21','10:00:00','11:30:00',7,16),
	(1332,'2014-12-21','11:00:00','15:30:00',12,94),
	(1333,'2014-12-21','16:00:00','19:00:00',13,13),
	(1334,'2014-12-22','20:00:00','21:00:00',6,38),
	(1335,'2014-12-22','15:00:00','18:00:00',9,51),
	(1336,'2014-12-22','17:00:00','21:00:00',13,86),
	(1337,'2014-12-22','12:30:00','14:00:00',10,5),
	(1338,'2014-12-22','09:30:00','20:00:00',8,85),
	(1339,'2014-12-22','20:00:00','20:30:00',7,13),
	(1340,'2014-12-22','15:00:00','15:30:00',7,9),
	(1341,'2014-12-22','20:30:00','21:00:00',9,8),
	(1342,'2014-12-22','13:00:00','20:30:00',14,52),
	(1343,'2014-12-22','15:00:00','19:00:00',12,85),
	(1344,'2014-12-22','18:30:00','19:30:00',10,33),
	(1345,'2014-12-22','18:00:00','19:30:00',4,11),
	(1346,'2014-12-22','14:30:00','16:00:00',6,70),
	(1347,'2014-12-22','19:30:00','21:00:00',3,22),
	(1348,'2014-12-22','19:00:00','20:30:00',5,20),
	(1349,'2014-12-22','12:30:00','13:00:00',1,14),
	(1350,'2014-12-22','20:30:00','21:00:00',10,84),
	(1351,'2014-12-22','21:00:00','21:30:00',11,37),
	(1352,'2014-12-22','16:30:00','19:00:00',2,100),
	(1353,'2014-12-22','11:30:00','14:30:00',2,93),
	(1354,'2014-12-22','10:30:00','11:00:00',2,15),
	(1355,'2014-12-22','15:30:00','18:00:00',11,98),
	(1356,'2014-12-22','09:30:00','11:00:00',13,93),
	(1357,'2014-12-22','09:30:00','11:00:00',6,22),
	(1358,'2014-12-22','18:30:00','19:30:00',1,96),
	(1359,'2014-12-22','16:30:00','17:00:00',5,12),
	(1360,'2014-12-22','19:30:00','20:00:00',9,70),
	(1361,'2014-12-22','11:30:00','12:00:00',11,24),
	(1362,'2014-12-22','20:30:00','21:00:00',12,46),
	(1363,'2014-12-23','10:30:00','15:00:00',2,60),
	(1364,'2014-12-23','18:30:00','19:30:00',12,36),
	(1365,'2014-12-23','16:00:00','16:30:00',6,59),
	(1366,'2014-12-23','10:00:00','15:00:00',5,30),
	(1367,'2014-12-23','17:30:00','19:30:00',9,38),
	(1368,'2014-12-23','20:30:00','21:00:00',8,58),
	(1369,'2014-12-23','21:00:00','21:30:00',2,27),
	(1370,'2014-12-23','11:30:00','17:30:00',12,41),
	(1371,'2014-12-23','14:00:00','17:30:00',1,12),
	(1372,'2014-12-23','15:00:00','21:00:00',3,92),
	(1373,'2014-12-23','18:30:00','19:30:00',11,88),
	(1374,'2014-12-23','18:00:00','20:00:00',6,2),
	(1375,'2014-12-23','16:00:00','17:30:00',14,20),
	(1376,'2014-12-23','21:00:00','21:30:00',14,100),
	(1377,'2014-12-23','18:30:00','19:30:00',8,18),
	(1378,'2014-12-23','14:30:00','18:00:00',10,35),
	(1379,'2014-12-23','21:00:00','21:30:00',9,73),
	(1380,'2014-12-23','11:00:00','14:00:00',14,50),
	(1381,'2014-12-23','14:30:00','17:30:00',13,41),
	(1382,'2014-12-23','10:00:00','10:30:00',1,39),
	(1383,'2014-12-23','13:00:00','14:00:00',7,64),
	(1384,'2014-12-23','20:30:00','21:00:00',6,72),
	(1385,'2014-12-23','17:30:00','18:00:00',4,27),
	(1386,'2014-12-23','20:30:00','21:00:00',4,78),
	(1387,'2014-12-23','09:00:00','13:00:00',8,86),
	(1388,'2014-12-23','21:00:00','21:30:00',13,29),
	(1389,'2014-12-23','19:00:00','19:30:00',7,26),
	(1390,'2014-12-23','20:30:00','21:00:00',11,38),
	(1391,'2014-12-23','19:00:00','20:00:00',5,2),
	(1392,'2014-12-24','12:00:00','14:00:00',3,63),
	(1393,'2014-12-24','10:30:00','21:00:00',14,48),
	(1394,'2014-12-24','20:00:00','21:00:00',2,41),
	(1395,'2014-12-24','19:00:00','21:00:00',3,31),
	(1396,'2014-12-24','19:00:00','20:30:00',11,17),
	(1397,'2014-12-24','09:00:00','20:30:00',9,73),
	(1398,'2014-12-24','10:30:00','19:00:00',7,46),
	(1399,'2014-12-24','18:30:00','20:30:00',1,78),
	(1400,'2014-12-24','13:30:00','19:00:00',4,5),
	(1401,'2014-12-24','12:00:00','18:00:00',1,42),
	(1402,'2014-12-24','15:00:00','18:30:00',10,92),
	(1403,'2014-12-24','17:00:00','18:30:00',13,65),
	(1404,'2014-12-24','20:30:00','21:00:00',4,97),
	(1405,'2014-12-24','12:00:00','16:00:00',8,80),
	(1406,'2014-12-24','09:00:00','11:00:00',1,89),
	(1407,'2014-12-24','10:30:00','12:00:00',2,88),
	(1408,'2014-12-24','11:00:00','19:30:00',12,32),
	(1409,'2014-12-24','17:30:00','18:00:00',8,93),
	(1410,'2014-12-24','09:00:00','17:00:00',5,75),
	(1411,'2014-12-24','09:30:00','10:00:00',10,32),
	(1412,'2014-12-24','16:30:00','17:00:00',2,30),
	(1413,'2014-12-24','19:30:00','20:30:00',13,11),
	(1414,'2014-12-24','20:30:00','21:00:00',12,39),
	(1415,'2014-12-24','11:00:00','16:00:00',13,8),
	(1416,'2014-12-24','21:00:00','21:30:00',7,75),
	(1417,'2014-12-24','09:00:00','11:00:00',11,14),
	(1418,'2014-12-24','20:00:00','21:00:00',8,23),
	(1419,'2014-12-26','10:30:00','20:30:00',4,18),
	(1420,'2014-12-26','16:30:00','20:30:00',9,25),
	(1421,'2014-12-26','18:00:00','19:30:00',7,100),
	(1422,'2014-12-26','17:30:00','19:00:00',6,26),
	(1423,'2014-12-26','14:00:00','17:30:00',8,85),
	(1424,'2014-12-26','20:30:00','21:00:00',5,29),
	(1425,'2014-12-26','19:00:00','19:30:00',1,85),
	(1426,'2014-12-26','17:30:00','19:30:00',12,90),
	(1427,'2014-12-26','14:00:00','14:30:00',1,8),
	(1428,'2014-12-26','19:00:00','20:30:00',8,11),
	(1429,'2014-12-26','21:00:00','21:30:00',6,94),
	(1430,'2014-12-26','10:00:00','13:00:00',14,11),
	(1431,'2014-12-26','14:00:00','21:00:00',2,1),
	(1432,'2014-12-26','14:30:00','20:30:00',13,98),
	(1433,'2014-12-26','20:30:00','21:00:00',12,96),
	(1434,'2014-12-26','13:30:00','18:00:00',3,48),
	(1435,'2014-12-26','13:30:00','16:00:00',5,4),
	(1436,'2014-12-26','13:30:00','21:00:00',11,18),
	(1437,'2014-12-26','12:00:00','18:00:00',10,1),
	(1438,'2014-12-26','10:00:00','16:00:00',7,11),
	(1439,'2014-12-26','19:30:00','20:00:00',3,80),
	(1440,'2014-12-26','10:30:00','11:00:00',5,37),
	(1441,'2014-12-26','17:00:00','19:30:00',14,31),
	(1442,'2014-12-26','09:00:00','09:30:00',13,79),
	(1443,'2014-12-26','18:30:00','19:30:00',5,17),
	(1444,'2014-12-26','18:30:00','20:00:00',10,47),
	(1445,'2014-12-26','14:30:00','16:00:00',12,79),
	(1446,'2014-12-26','10:00:00','13:00:00',13,83),
	(1447,'2014-12-26','11:30:00','12:30:00',9,57),
	(1448,'2014-12-27','17:00:00','19:00:00',9,4),
	(1449,'2014-12-27','12:30:00','21:00:00',4,81),
	(1450,'2014-12-27','14:30:00','19:30:00',7,76),
	(1451,'2014-12-27','12:00:00','20:00:00',10,36),
	(1452,'2014-12-27','19:30:00','20:30:00',13,94),
	(1453,'2014-12-27','11:30:00','16:30:00',13,81),
	(1454,'2014-12-27','21:00:00','21:30:00',5,53),
	(1455,'2014-12-27','10:00:00','13:30:00',5,76),
	(1456,'2014-12-27','10:30:00','12:00:00',3,3),
	(1457,'2014-12-27','11:00:00','20:00:00',6,54),
	(1458,'2014-12-27','11:00:00','19:30:00',14,67),
	(1459,'2014-12-27','14:30:00','15:00:00',9,59),
	(1460,'2014-12-27','20:30:00','21:00:00',11,9),
	(1461,'2014-12-27','19:30:00','20:00:00',1,33),
	(1462,'2014-12-27','16:30:00','19:00:00',11,57),
	(1463,'2014-12-27','10:30:00','14:00:00',2,59),
	(1464,'2014-12-27','17:30:00','20:00:00',8,80),
	(1465,'2014-12-27','21:00:00','21:30:00',3,85),
	(1466,'2014-12-27','15:00:00','20:30:00',2,29),
	(1467,'2014-12-27','09:30:00','14:30:00',11,43),
	(1468,'2014-12-27','15:30:00','16:00:00',8,32),
	(1469,'2014-12-27','09:30:00','11:30:00',12,67),
	(1470,'2014-12-27','10:00:00','10:30:00',9,78),
	(1471,'2014-12-27','20:30:00','21:00:00',14,93),
	(1472,'2014-12-27','13:30:00','14:00:00',7,87),
	(1473,'2014-12-27','18:00:00','19:00:00',12,36),
	(1474,'2014-12-27','12:30:00','14:00:00',3,42),
	(1475,'2014-12-27','14:00:00','16:30:00',12,90),
	(1476,'2014-12-27','12:30:00','17:00:00',1,49),
	(1477,'2014-12-28','19:00:00','21:00:00',14,9),
	(1478,'2014-12-28','12:00:00','14:30:00',6,14),
	(1479,'2014-12-28','18:00:00','19:00:00',1,1),
	(1480,'2014-12-28','13:30:00','18:00:00',7,74),
	(1481,'2014-12-28','10:30:00','18:00:00',13,79),
	(1482,'2014-12-28','20:00:00','20:30:00',6,22),
	(1483,'2014-12-28','19:30:00','20:00:00',10,18),
	(1484,'2014-12-28','15:30:00','20:00:00',4,75),
	(1485,'2014-12-28','10:00:00','13:00:00',9,32),
	(1486,'2014-12-28','09:00:00','10:00:00',1,92),
	(1487,'2014-12-28','19:00:00','19:30:00',2,43),
	(1488,'2014-12-28','09:00:00','15:00:00',2,83),
	(1489,'2014-12-28','18:00:00','18:30:00',11,74),
	(1490,'2014-12-28','19:30:00','20:00:00',3,17),
	(1491,'2014-12-28','10:30:00','19:00:00',3,65),
	(1492,'2014-12-28','12:00:00','13:30:00',5,20),
	(1493,'2014-12-28','16:30:00','17:00:00',5,46),
	(1494,'2014-12-28','14:00:00','18:30:00',10,59),
	(1495,'2014-12-28','20:00:00','20:30:00',8,48),
	(1496,'2014-12-28','10:30:00','17:00:00',8,40),
	(1497,'2014-12-28','20:30:00','21:00:00',12,62),
	(1498,'2014-12-28','18:30:00','20:00:00',13,14),
	(1499,'2014-12-28','21:00:00','21:30:00',3,48),
	(1500,'2014-12-28','21:00:00','21:30:00',8,68),
	(1501,'2014-12-28','09:00:00','14:30:00',14,18),
	(1502,'2014-12-28','09:30:00','16:30:00',12,57),
	(1503,'2014-12-28','11:30:00','14:00:00',11,19),
	(1504,'2014-12-28','19:30:00','20:30:00',9,82),
	(1505,'2014-12-28','15:00:00','18:30:00',9,39),
	(1506,'2014-12-29','13:00:00','18:00:00',2,15),
	(1507,'2014-12-29','21:00:00','21:30:00',14,41),
	(1508,'2014-12-29','14:30:00','19:30:00',5,59),
	(1509,'2014-12-29','09:00:00','14:30:00',7,37),
	(1510,'2014-12-29','09:30:00','14:00:00',10,37),
	(1511,'2014-12-29','11:00:00','21:00:00',1,13),
	(1512,'2014-12-29','13:00:00','17:30:00',13,51),
	(1513,'2014-12-29','20:30:00','21:00:00',4,88),
	(1514,'2014-12-29','18:00:00','18:30:00',11,35),
	(1515,'2014-12-29','17:30:00','19:30:00',7,30),
	(1516,'2014-12-29','14:00:00','16:30:00',4,69),
	(1517,'2014-12-29','16:30:00','17:30:00',14,35),
	(1518,'2014-12-29','21:00:00','21:30:00',10,79),
	(1519,'2014-12-29','11:30:00','18:30:00',6,99),
	(1520,'2014-12-29','10:00:00','17:00:00',12,17),
	(1521,'2014-12-29','20:30:00','21:00:00',8,69),
	(1522,'2014-12-29','14:00:00','20:00:00',3,67),
	(1523,'2014-12-29','13:00:00','15:00:00',14,81),
	(1524,'2014-12-29','10:30:00','13:00:00',4,41),
	(1525,'2014-12-29','19:30:00','20:30:00',13,3),
	(1526,'2014-12-29','20:00:00','21:00:00',5,86),
	(1527,'2014-12-29','14:00:00','18:00:00',8,50),
	(1528,'2014-12-29','19:30:00','20:00:00',11,36),
	(1529,'2014-12-29','19:30:00','20:00:00',4,12),
	(1530,'2014-12-29','20:30:00','21:00:00',12,64),
	(1531,'2014-12-29','19:00:00','19:30:00',6,7),
	(1532,'2014-12-29','09:00:00','09:30:00',4,82),
	(1533,'2014-12-29','18:00:00','19:00:00',13,29),
	(1534,'2014-12-29','19:00:00','19:30:00',12,76),
	(1535,'2014-12-30','16:00:00','16:30:00',12,80),
	(1536,'2014-12-30','11:30:00','15:00:00',11,75),
	(1537,'2014-12-30','14:30:00','19:00:00',3,6),
	(1538,'2014-12-30','13:00:00','16:30:00',9,94),
	(1539,'2014-12-30','17:30:00','21:00:00',5,71),
	(1540,'2014-12-30','21:00:00','21:30:00',1,14),
	(1541,'2014-12-30','19:00:00','21:00:00',6,14),
	(1542,'2014-12-30','16:00:00','17:00:00',13,94),
	(1543,'2014-12-30','18:00:00','19:00:00',7,37),
	(1544,'2014-12-30','10:30:00','11:30:00',2,77),
	(1545,'2014-12-30','10:30:00','20:00:00',14,18),
	(1546,'2014-12-30','19:30:00','20:00:00',13,37),
	(1547,'2014-12-30','11:30:00','17:00:00',7,21),
	(1548,'2014-12-30','15:00:00','16:30:00',2,23),
	(1549,'2014-12-30','13:00:00','14:30:00',12,1),
	(1550,'2014-12-30','19:30:00','20:00:00',10,62),
	(1551,'2014-12-30','15:30:00','21:00:00',11,63),
	(1552,'2014-12-30','15:30:00','20:30:00',1,26),
	(1553,'2014-12-30','09:30:00','15:00:00',6,14),
	(1554,'2014-12-30','16:30:00','17:30:00',10,28),
	(1555,'2014-12-30','18:00:00','20:00:00',4,40),
	(1556,'2014-12-30','15:30:00','18:00:00',6,87),
	(1557,'2014-12-30','20:30:00','21:00:00',7,64),
	(1558,'2014-12-30','11:30:00','14:30:00',13,98),
	(1559,'2014-12-30','16:30:00','19:00:00',8,30),
	(1560,'2014-12-30','09:30:00','12:30:00',10,49),
	(1561,'2014-12-31','18:30:00','19:00:00',10,9),
	(1562,'2014-12-31','10:30:00','19:00:00',14,13),
	(1563,'2014-12-31','15:30:00','18:30:00',7,72),
	(1564,'2014-12-31','13:00:00','14:00:00',8,54),
	(1565,'2014-12-31','18:00:00','21:00:00',3,26),
	(1566,'2014-12-31','19:00:00','19:30:00',1,24),
	(1567,'2014-12-31','16:30:00','20:30:00',6,76),
	(1568,'2014-12-31','16:30:00','17:30:00',3,18),
	(1569,'2014-12-31','18:00:00','21:00:00',2,62),
	(1570,'2014-12-31','21:00:00','21:30:00',11,66),
	(1571,'2014-12-31','14:30:00','17:30:00',4,73),
	(1572,'2014-12-31','19:30:00','20:00:00',13,55),
	(1573,'2014-12-31','20:00:00','21:00:00',8,12),
	(1574,'2014-12-31','19:30:00','20:00:00',9,72),
	(1575,'2014-12-31','11:00:00','14:30:00',3,68),
	(1576,'2014-12-31','14:30:00','17:00:00',9,89),
	(1577,'2014-12-31','11:30:00','19:30:00',12,98),
	(1578,'2014-12-31','13:30:00','17:30:00',5,56),
	(1579,'2014-12-31','20:00:00','20:30:00',10,97),
	(1580,'2014-12-31','16:00:00','17:30:00',8,54),
	(1581,'2014-12-31','20:00:00','21:00:00',7,3),
	(1582,'2014-12-31','20:30:00','21:00:00',9,24),
	(1583,'2014-12-31','11:30:00','20:00:00',11,61),
	(1584,'2014-12-31','20:00:00','21:00:00',12,44),
	(1585,'2014-12-31','21:00:00','21:30:00',4,88),
	(1586,'2014-12-31','21:00:00','21:30:00',13,57),
	(1587,'2014-12-31','17:30:00','18:00:00',9,5),
	(1588,'2015-01-02','18:00:00','19:00:00',7,79),
	(1589,'2015-01-02','09:00:00','21:00:00',8,67),
	(1590,'2015-01-02','20:30:00','21:00:00',12,41),
	(1591,'2015-01-02','11:00:00','14:00:00',11,35),
	(1592,'2015-01-02','18:00:00','20:30:00',5,84),
	(1593,'2015-01-02','11:00:00','15:30:00',4,71),
	(1594,'2015-01-02','10:00:00','11:30:00',2,75),
	(1595,'2015-01-02','10:30:00','15:30:00',5,68),
	(1596,'2015-01-02','19:30:00','20:30:00',13,53),
	(1597,'2015-01-02','16:00:00','16:30:00',2,66),
	(1598,'2015-01-02','14:30:00','20:30:00',11,65),
	(1599,'2015-01-02','19:00:00','20:30:00',3,3),
	(1600,'2015-01-02','11:00:00','12:30:00',13,77),
	(1601,'2015-01-02','15:30:00','16:00:00',10,34),
	(1602,'2015-01-02','15:30:00','18:00:00',6,66),
	(1603,'2015-01-02','19:00:00','19:30:00',6,31),
	(1604,'2015-01-02','19:30:00','20:30:00',1,93),
	(1605,'2015-01-02','18:30:00','19:30:00',14,82),
	(1606,'2015-01-02','12:30:00','17:30:00',12,31),
	(1607,'2015-01-02','11:00:00','11:30:00',12,76),
	(1608,'2015-01-02','18:00:00','19:00:00',12,26),
	(1609,'2015-01-02','21:00:00','21:30:00',11,12),
	(1610,'2015-01-02','12:30:00','14:00:00',3,23),
	(1611,'2015-01-02','14:30:00','17:30:00',3,77),
	(1612,'2015-01-02','17:00:00','20:30:00',9,9),
	(1613,'2015-01-02','16:00:00','17:30:00',4,72),
	(1614,'2015-01-03','16:30:00','19:00:00',8,3),
	(1615,'2015-01-03','14:00:00','21:00:00',4,77),
	(1616,'2015-01-03','16:30:00','20:00:00',3,77),
	(1617,'2015-01-03','14:30:00','21:00:00',5,49),
	(1618,'2015-01-03','19:00:00','19:30:00',14,34),
	(1619,'2015-01-03','14:00:00','20:00:00',1,17),
	(1620,'2015-01-03','13:00:00','15:00:00',11,58),
	(1621,'2015-01-03','20:30:00','21:00:00',6,71),
	(1622,'2015-01-03','12:30:00','18:30:00',6,94),
	(1623,'2015-01-03','14:00:00','20:00:00',2,89),
	(1624,'2015-01-03','11:30:00','18:30:00',12,64),
	(1625,'2015-01-03','19:30:00','20:00:00',11,12),
	(1626,'2015-01-03','14:30:00','15:00:00',8,78),
	(1627,'2015-01-03','12:30:00','15:30:00',3,57),
	(1628,'2015-01-03','13:00:00','21:00:00',7,11),
	(1629,'2015-01-03','13:30:00','19:00:00',10,80),
	(1630,'2015-01-03','20:30:00','21:00:00',14,50),
	(1631,'2015-01-03','15:30:00','17:30:00',9,43),
	(1632,'2015-01-03','21:00:00','21:30:00',1,21),
	(1633,'2015-01-03','15:30:00','19:30:00',13,83),
	(1634,'2015-01-03','21:00:00','21:30:00',8,8),
	(1635,'2015-01-03','19:00:00','19:30:00',12,35),
	(1636,'2015-01-03','21:00:00','21:30:00',9,34),
	(1637,'2015-01-03','09:30:00','10:30:00',13,77),
	(1638,'2015-01-03','11:30:00','13:00:00',4,69),
	(1639,'2015-01-03','18:30:00','20:00:00',9,48),
	(1640,'2015-01-03','17:00:00','18:30:00',11,83),
	(1641,'2015-01-04','16:00:00','19:30:00',10,55),
	(1642,'2015-01-04','12:30:00','19:30:00',5,23),
	(1643,'2015-01-04','16:00:00','16:30:00',1,10),
	(1644,'2015-01-04','15:30:00','19:30:00',14,42),
	(1645,'2015-01-04','20:00:00','21:00:00',9,31),
	(1646,'2015-01-04','14:00:00','15:00:00',10,60),
	(1647,'2015-01-04','20:30:00','21:00:00',8,100),
	(1648,'2015-01-04','20:30:00','21:00:00',4,20),
	(1649,'2015-01-04','12:30:00','16:30:00',13,53),
	(1650,'2015-01-04','12:30:00','15:30:00',3,4),
	(1651,'2015-01-04','20:30:00','21:00:00',7,84),
	(1652,'2015-01-04','09:30:00','16:30:00',8,40),
	(1653,'2015-01-04','12:30:00','14:00:00',4,13),
	(1654,'2015-01-04','17:30:00','19:00:00',1,47),
	(1655,'2015-01-04','10:00:00','13:30:00',1,13),
	(1656,'2015-01-04','17:00:00','21:00:00',11,52),
	(1657,'2015-01-04','20:00:00','20:30:00',3,84),
	(1658,'2015-01-04','17:00:00','19:00:00',8,27),
	(1659,'2015-01-04','19:30:00','20:00:00',7,76),
	(1660,'2015-01-04','09:30:00','12:00:00',5,75),
	(1661,'2015-01-04','14:30:00','19:00:00',2,10),
	(1662,'2015-01-04','10:00:00','14:00:00',14,65),
	(1663,'2015-01-04','14:30:00','17:30:00',7,43),
	(1664,'2015-01-04','18:00:00','19:00:00',12,85),
	(1665,'2015-01-04','12:30:00','15:30:00',12,75),
	(1666,'2015-01-04','18:30:00','21:00:00',13,61),
	(1667,'2015-01-05','12:00:00','20:00:00',10,80),
	(1668,'2015-01-05','12:00:00','15:00:00',7,28),
	(1669,'2015-01-05','10:00:00','10:30:00',4,67),
	(1670,'2015-01-05','18:30:00','19:00:00',2,100),
	(1671,'2015-01-05','09:00:00','19:00:00',6,40),
	(1672,'2015-01-05','15:30:00','18:00:00',11,45),
	(1673,'2015-01-05','11:30:00','14:00:00',8,44),
	(1674,'2015-01-05','15:30:00','19:30:00',9,95),
	(1675,'2015-01-05','18:00:00','20:00:00',8,91),
	(1676,'2015-01-05','18:30:00','21:00:00',12,62),
	(1677,'2015-01-05','17:30:00','18:00:00',4,19),
	(1678,'2015-01-05','15:30:00','18:30:00',1,49),
	(1679,'2015-01-05','19:30:00','21:00:00',2,83),
	(1680,'2015-01-05','21:00:00','21:30:00',10,35),
	(1681,'2015-01-05','10:30:00','13:30:00',13,22),
	(1682,'2015-01-05','11:30:00','12:00:00',3,81),
	(1683,'2015-01-05','16:00:00','18:00:00',3,93),
	(1684,'2015-01-05','13:30:00','14:00:00',4,55),
	(1685,'2015-01-05','21:00:00','21:30:00',3,38),
	(1686,'2015-01-05','09:30:00','12:00:00',9,36),
	(1687,'2015-01-05','13:00:00','15:00:00',11,35),
	(1688,'2015-01-05','15:00:00','17:30:00',8,67),
	(1689,'2015-01-05','15:30:00','16:00:00',13,19),
	(1690,'2015-01-05','19:00:00','19:30:00',3,53),
	(1691,'2015-01-05','20:30:00','21:00:00',6,61),
	(1692,'2015-01-05','19:00:00','21:00:00',7,86),
	(1693,'2015-01-06','17:30:00','19:30:00',8,30),
	(1694,'2015-01-06','10:30:00','18:00:00',7,75),
	(1695,'2015-01-06','17:30:00','19:30:00',12,74),
	(1696,'2015-01-06','09:30:00','13:00:00',4,53),
	(1697,'2015-01-06','14:00:00','19:30:00',6,36),
	(1698,'2015-01-06','13:30:00','20:30:00',4,37),
	(1699,'2015-01-06','18:30:00','20:30:00',7,64),
	(1700,'2015-01-06','17:00:00','20:30:00',5,94),
	(1701,'2015-01-06','20:00:00','20:30:00',10,60),
	(1702,'2015-01-06','21:00:00','21:30:00',5,17),
	(1703,'2015-01-06','10:30:00','13:00:00',12,84),
	(1704,'2015-01-06','21:00:00','21:30:00',6,75),
	(1705,'2015-01-06','11:00:00','16:00:00',2,69),
	(1706,'2015-01-06','17:30:00','18:00:00',10,1),
	(1707,'2015-01-06','16:30:00','18:00:00',1,66),
	(1708,'2015-01-06','14:30:00','16:00:00',9,96),
	(1709,'2015-01-06','17:00:00','20:00:00',2,74),
	(1710,'2015-01-06','16:30:00','19:00:00',14,83),
	(1711,'2015-01-06','13:30:00','14:00:00',14,39),
	(1712,'2015-01-06','12:30:00','17:00:00',11,51),
	(1713,'2015-01-06','21:00:00','21:30:00',2,14),
	(1714,'2015-01-06','20:00:00','21:00:00',3,34),
	(1715,'2015-01-06','15:30:00','18:00:00',13,63),
	(1716,'2015-01-06','09:00:00','15:00:00',3,87),
	(1717,'2015-01-06','11:30:00','14:00:00',9,100),
	(1718,'2015-01-06','19:00:00','19:30:00',13,31),
	(1719,'2015-01-07','18:00:00','20:30:00',8,52),
	(1720,'2015-01-07','19:00:00','20:30:00',6,49),
	(1721,'2015-01-07','12:30:00','20:00:00',11,40),
	(1722,'2015-01-07','20:00:00','20:30:00',13,32),
	(1723,'2015-01-07','17:00:00','18:00:00',6,45),
	(1724,'2015-01-07','19:30:00','21:00:00',10,100),
	(1725,'2015-01-07','10:30:00','11:30:00',7,87),
	(1726,'2015-01-07','20:00:00','20:30:00',9,23),
	(1727,'2015-01-07','19:00:00','19:30:00',2,16),
	(1728,'2015-01-07','10:00:00','20:30:00',1,61),
	(1729,'2015-01-07','12:00:00','20:30:00',14,92),
	(1730,'2015-01-07','13:00:00','16:00:00',13,68),
	(1731,'2015-01-07','15:30:00','19:30:00',5,32),
	(1732,'2015-01-07','13:30:00','14:00:00',10,96),
	(1733,'2015-01-07','21:00:00','21:30:00',2,61),
	(1734,'2015-01-07','13:00:00','19:00:00',3,48),
	(1735,'2015-01-07','12:00:00','15:30:00',2,2),
	(1736,'2015-01-07','19:30:00','20:30:00',4,7),
	(1737,'2015-01-07','15:00:00','15:30:00',7,88),
	(1738,'2015-01-07','20:00:00','20:30:00',2,56),
	(1739,'2015-01-07','14:30:00','19:00:00',12,71),
	(1740,'2015-01-07','09:30:00','11:30:00',3,24),
	(1741,'2015-01-07','14:30:00','15:00:00',4,37),
	(1742,'2015-01-07','10:00:00','18:30:00',9,45),
	(1743,'2015-01-07','10:30:00','11:30:00',4,25),
	(1744,'2015-01-07','20:30:00','21:00:00',11,57),
	(1745,'2015-01-09','19:30:00','21:00:00',14,47),
	(1746,'2015-01-09','09:00:00','21:00:00',10,57),
	(1747,'2015-01-09','10:00:00','15:00:00',1,62),
	(1748,'2015-01-09','10:30:00','13:00:00',11,98),
	(1749,'2015-01-09','13:30:00','19:30:00',13,86),
	(1750,'2015-01-09','18:00:00','20:30:00',4,89),
	(1751,'2015-01-09','15:30:00','19:30:00',6,67),
	(1752,'2015-01-09','15:00:00','16:00:00',8,34),
	(1753,'2015-01-09','10:00:00','20:00:00',3,17),
	(1754,'2015-01-09','12:30:00','19:30:00',7,25),
	(1755,'2015-01-09','09:00:00','12:00:00',6,20),
	(1756,'2015-01-09','18:30:00','21:00:00',8,58),
	(1757,'2015-01-09','10:00:00','11:30:00',2,66),
	(1758,'2015-01-09','15:30:00','21:00:00',5,19),
	(1759,'2015-01-09','14:00:00','16:00:00',14,18),
	(1760,'2015-01-09','17:30:00','19:30:00',12,40),
	(1761,'2015-01-09','17:00:00','17:30:00',1,94),
	(1762,'2015-01-09','20:00:00','20:30:00',12,68),
	(1763,'2015-01-09','19:00:00','21:00:00',2,3),
	(1764,'2015-01-09','17:30:00','20:30:00',9,96),
	(1765,'2015-01-09','20:30:00','21:00:00',3,5),
	(1766,'2015-01-09','20:30:00','21:00:00',7,91),
	(1767,'2015-01-09','13:30:00','18:30:00',2,60),
	(1768,'2015-01-09','11:00:00','14:30:00',8,4),
	(1769,'2015-01-09','09:30:00','11:00:00',7,86),
	(1770,'2015-01-10','14:30:00','18:00:00',5,37),
	(1771,'2015-01-10','20:30:00','21:00:00',4,51),
	(1772,'2015-01-10','21:00:00','21:30:00',9,36),
	(1773,'2015-01-10','15:30:00','21:00:00',6,12),
	(1774,'2015-01-10','16:30:00','20:00:00',7,9),
	(1775,'2015-01-10','12:00:00','15:00:00',1,54),
	(1776,'2015-01-10','14:30:00','19:00:00',8,7),
	(1777,'2015-01-10','15:30:00','18:30:00',14,27),
	(1778,'2015-01-10','15:00:00','17:00:00',2,82),
	(1779,'2015-01-10','21:00:00','21:30:00',3,60),
	(1780,'2015-01-10','11:30:00','13:00:00',10,21),
	(1781,'2015-01-10','19:00:00','20:00:00',5,23),
	(1782,'2015-01-10','18:30:00','20:00:00',12,30),
	(1783,'2015-01-10','13:30:00','14:30:00',4,24),
	(1784,'2015-01-10','17:30:00','19:00:00',3,63),
	(1785,'2015-01-10','17:30:00','19:30:00',10,33),
	(1786,'2015-01-10','09:00:00','10:00:00',12,23),
	(1787,'2015-01-10','13:00:00','17:00:00',3,17),
	(1788,'2015-01-10','20:30:00','21:00:00',2,99),
	(1789,'2015-01-10','20:00:00','20:30:00',9,66),
	(1790,'2015-01-10','17:30:00','18:00:00',1,78),
	(1791,'2015-01-10','12:30:00','13:00:00',4,20),
	(1792,'2015-01-10','15:00:00','16:30:00',9,33),
	(1793,'2015-01-10','21:00:00','21:30:00',13,100),
	(1794,'2015-01-10','20:30:00','21:00:00',10,68),
	(1795,'2015-01-10','09:30:00','13:30:00',11,39),
	(1796,'2015-01-11','12:00:00','20:00:00',5,44),
	(1797,'2015-01-11','09:00:00','17:30:00',4,86),
	(1798,'2015-01-11','09:00:00','14:30:00',2,22),
	(1799,'2015-01-11','16:00:00','20:00:00',12,1),
	(1800,'2015-01-11','14:30:00','19:00:00',13,16),
	(1801,'2015-01-11','13:00:00','17:00:00',10,99),
	(1802,'2015-01-11','20:00:00','21:00:00',3,83),
	(1803,'2015-01-11','20:30:00','21:00:00',14,87),
	(1804,'2015-01-11','18:30:00','19:00:00',3,5),
	(1805,'2015-01-11','11:00:00','14:00:00',11,27),
	(1806,'2015-01-11','09:30:00','13:00:00',8,60),
	(1807,'2015-01-11','20:30:00','21:00:00',4,46),
	(1808,'2015-01-11','09:00:00','18:30:00',14,47),
	(1809,'2015-01-11','14:00:00','21:00:00',9,9),
	(1810,'2015-01-11','16:30:00','21:00:00',8,88),
	(1811,'2015-01-11','16:30:00','19:00:00',1,19),
	(1812,'2015-01-11','09:30:00','11:30:00',10,64),
	(1813,'2015-01-11','17:00:00','20:30:00',2,68),
	(1814,'2015-01-11','13:00:00','20:00:00',6,98),
	(1815,'2015-01-11','16:30:00','17:30:00',11,29),
	(1816,'2015-01-11','14:00:00','15:00:00',12,45),
	(1817,'2015-01-11','20:30:00','21:00:00',10,17),
	(1818,'2015-01-11','18:00:00','19:30:00',10,3),
	(1819,'2015-01-11','18:30:00','19:00:00',7,39),
	(1820,'2015-01-12','21:00:00','21:30:00',11,96),
	(1821,'2015-01-12','10:00:00','12:00:00',11,36),
	(1822,'2015-01-12','15:30:00','19:00:00',3,56),
	(1823,'2015-01-12','15:30:00','20:00:00',14,97),
	(1824,'2015-01-12','09:30:00','18:30:00',2,48),
	(1825,'2015-01-12','13:00:00','14:00:00',6,92),
	(1826,'2015-01-12','14:30:00','17:00:00',7,71),
	(1827,'2015-01-12','12:00:00','18:00:00',5,22),
	(1828,'2015-01-12','19:00:00','20:30:00',5,12),
	(1829,'2015-01-12','10:30:00','18:00:00',10,56),
	(1830,'2015-01-12','14:30:00','18:00:00',4,62),
	(1831,'2015-01-12','11:00:00','15:00:00',3,27),
	(1832,'2015-01-12','16:30:00','19:30:00',13,75),
	(1833,'2015-01-12','11:30:00','21:00:00',1,22),
	(1834,'2015-01-12','14:30:00','21:00:00',9,75),
	(1835,'2015-01-12','13:00:00','13:30:00',7,84),
	(1836,'2015-01-12','20:30:00','21:00:00',6,95),
	(1837,'2015-01-12','17:30:00','21:00:00',7,92),
	(1838,'2015-01-12','14:30:00','19:30:00',8,34),
	(1839,'2015-01-12','12:30:00','17:30:00',12,9),
	(1840,'2015-01-12','18:30:00','21:00:00',12,69),
	(1841,'2015-01-12','21:00:00','21:30:00',3,28),
	(1842,'2015-01-12','13:00:00','13:30:00',14,61),
	(1843,'2015-01-12','20:30:00','21:00:00',13,35),
	(1844,'2015-01-12','17:30:00','20:00:00',6,9),
	(1845,'2015-01-13','20:00:00','20:30:00',14,13),
	(1846,'2015-01-13','20:00:00','20:30:00',5,16),
	(1847,'2015-01-13','21:00:00','21:30:00',5,47),
	(1848,'2015-01-13','20:30:00','21:00:00',8,86),
	(1849,'2015-01-13','12:00:00','15:30:00',13,64),
	(1850,'2015-01-13','14:30:00','15:00:00',6,65),
	(1851,'2015-01-13','12:30:00','19:30:00',3,32),
	(1852,'2015-01-13','19:00:00','20:00:00',10,52),
	(1853,'2015-01-13','16:30:00','18:00:00',9,3),
	(1854,'2015-01-13','20:00:00','20:30:00',13,94),
	(1855,'2015-01-13','20:00:00','21:00:00',6,39),
	(1856,'2015-01-13','21:00:00','21:30:00',4,4),
	(1857,'2015-01-13','12:00:00','15:30:00',2,44),
	(1858,'2015-01-13','19:00:00','21:00:00',7,76),
	(1859,'2015-01-13','19:00:00','20:00:00',11,4),
	(1860,'2015-01-13','18:00:00','18:30:00',1,4),
	(1861,'2015-01-13','14:00:00','17:30:00',4,8),
	(1862,'2015-01-13','18:00:00','20:00:00',8,6),
	(1863,'2015-01-13','20:30:00','21:00:00',2,2),
	(1864,'2015-01-13','16:30:00','17:00:00',1,50),
	(1865,'2015-01-13','15:30:00','19:00:00',14,27),
	(1866,'2015-01-13','17:30:00','18:30:00',7,88),
	(1867,'2015-01-13','19:30:00','21:00:00',12,97),
	(1868,'2015-01-13','09:30:00','11:30:00',7,6),
	(1869,'2015-01-13','14:30:00','17:00:00',5,53),
	(1870,'2015-01-13','17:30:00','18:00:00',12,69),
	(1871,'2015-01-13','11:30:00','15:30:00',10,20),
	(1872,'2015-01-14','18:00:00','18:30:00',10,26),
	(1873,'2015-01-14','17:30:00','19:00:00',12,43),
	(1874,'2015-01-14','10:00:00','12:30:00',12,14),
	(1875,'2015-01-14','15:00:00','19:30:00',4,19),
	(1876,'2015-01-14','12:30:00','21:00:00',14,31),
	(1877,'2015-01-14','20:00:00','20:30:00',8,92),
	(1878,'2015-01-14','15:00:00','21:00:00',3,64),
	(1879,'2015-01-14','13:30:00','14:00:00',7,6),
	(1880,'2015-01-14','12:00:00','14:00:00',11,30),
	(1881,'2015-01-14','14:00:00','16:00:00',5,19),
	(1882,'2015-01-14','15:00:00','16:00:00',1,87),
	(1883,'2015-01-14','09:30:00','18:30:00',9,26),
	(1884,'2015-01-14','17:30:00','21:00:00',1,78),
	(1885,'2015-01-14','20:30:00','21:00:00',4,53),
	(1886,'2015-01-14','09:00:00','19:00:00',13,99),
	(1887,'2015-01-14','10:30:00','19:00:00',8,7),
	(1888,'2015-01-14','17:30:00','20:30:00',5,89),
	(1889,'2015-01-14','20:30:00','21:00:00',13,60),
	(1890,'2015-01-14','19:30:00','20:00:00',9,71),
	(1891,'2015-01-14','12:30:00','15:30:00',6,59),
	(1892,'2015-01-14','19:00:00','21:00:00',11,52),
	(1893,'2015-01-14','10:00:00','11:30:00',3,67),
	(1894,'2015-01-14','11:00:00','12:30:00',7,92),
	(1895,'2015-01-14','15:30:00','16:00:00',10,75),
	(1896,'2015-01-14','11:00:00','12:00:00',5,16),
	(1897,'2015-01-16','21:00:00','21:30:00',12,11),
	(1898,'2015-01-16','12:30:00','18:00:00',9,22),
	(1899,'2015-01-16','12:00:00','18:30:00',1,64),
	(1900,'2015-01-16','12:00:00','13:30:00',11,81),
	(1901,'2015-01-16','11:30:00','15:00:00',14,80),
	(1902,'2015-01-16','09:30:00','20:30:00',4,63),
	(1903,'2015-01-16','15:00:00','20:00:00',10,32),
	(1904,'2015-01-16','20:00:00','20:30:00',3,90),
	(1905,'2015-01-16','21:00:00','21:30:00',4,84),
	(1906,'2015-01-16','19:00:00','20:00:00',2,24),
	(1907,'2015-01-16','16:30:00','17:00:00',12,85),
	(1908,'2015-01-16','13:30:00','18:30:00',6,82),
	(1909,'2015-01-16','16:00:00','18:30:00',2,66),
	(1910,'2015-01-16','11:30:00','21:00:00',5,76),
	(1911,'2015-01-16','11:00:00','11:30:00',2,39),
	(1912,'2015-01-16','13:30:00','15:00:00',3,55),
	(1913,'2015-01-16','19:00:00','19:30:00',3,9),
	(1914,'2015-01-16','13:00:00','15:30:00',8,42),
	(1915,'2015-01-16','15:30:00','20:30:00',14,85),
	(1916,'2015-01-16','20:00:00','20:30:00',7,95),
	(1917,'2015-01-16','16:30:00','18:00:00',13,48),
	(1918,'2015-01-16','20:00:00','20:30:00',12,32),
	(1919,'2015-01-16','13:00:00','14:30:00',10,4),
	(1920,'2015-01-16','14:00:00','16:30:00',7,12),
	(1921,'2015-01-16','18:00:00','19:00:00',7,70),
	(1922,'2015-01-17','16:00:00','19:00:00',6,45),
	(1923,'2015-01-17','10:00:00','20:30:00',2,71),
	(1924,'2015-01-17','17:00:00','20:00:00',13,41),
	(1925,'2015-01-17','15:30:00','19:00:00',10,21),
	(1926,'2015-01-17','17:00:00','21:00:00',14,13),
	(1927,'2015-01-17','09:00:00','16:30:00',9,7),
	(1928,'2015-01-17','10:30:00','19:00:00',11,74),
	(1929,'2015-01-17','13:30:00','15:00:00',7,9),
	(1930,'2015-01-17','10:30:00','19:00:00',12,61),
	(1931,'2015-01-17','14:30:00','15:00:00',14,66),
	(1932,'2015-01-17','16:30:00','20:30:00',4,70),
	(1933,'2015-01-17','16:00:00','16:30:00',14,64),
	(1934,'2015-01-17','17:30:00','20:00:00',7,98),
	(1935,'2015-01-17','15:00:00','16:30:00',13,29),
	(1936,'2015-01-17','16:00:00','20:00:00',5,67),
	(1937,'2015-01-17','16:30:00','17:30:00',3,21),
	(1938,'2015-01-17','20:30:00','21:00:00',7,55),
	(1939,'2015-01-17','21:00:00','21:30:00',10,52),
	(1940,'2015-01-17','12:30:00','13:30:00',13,72),
	(1941,'2015-01-17','14:30:00','16:00:00',3,65),
	(1942,'2015-01-17','19:00:00','21:00:00',1,45),
	(1943,'2015-01-17','12:00:00','20:00:00',8,51),
	(1944,'2015-01-17','12:00:00','13:00:00',10,59),
	(1945,'2015-01-18','11:30:00','20:00:00',3,13),
	(1946,'2015-01-18','21:00:00','21:30:00',5,60),
	(1947,'2015-01-18','20:00:00','21:00:00',11,58),
	(1948,'2015-01-18','11:00:00','12:30:00',6,71),
	(1949,'2015-01-18','16:30:00','21:00:00',4,53),
	(1950,'2015-01-18','13:00:00','17:00:00',7,47),
	(1951,'2015-01-18','09:00:00','11:30:00',4,75),
	(1952,'2015-01-18','09:00:00','19:30:00',5,48),
	(1953,'2015-01-18','21:00:00','21:30:00',14,48),
	(1954,'2015-01-18','20:00:00','20:30:00',12,27),
	(1955,'2015-01-18','18:00:00','21:00:00',13,61),
	(1956,'2015-01-18','21:00:00','21:30:00',9,31),
	(1957,'2015-01-18','11:30:00','19:30:00',9,83),
	(1958,'2015-01-18','18:30:00','19:30:00',10,61),
	(1959,'2015-01-18','13:00:00','20:00:00',2,52),
	(1960,'2015-01-18','17:30:00','18:00:00',10,100),
	(1961,'2015-01-18','14:00:00','16:00:00',13,74),
	(1962,'2015-01-18','09:00:00','13:00:00',10,38),
	(1963,'2015-01-18','18:30:00','19:30:00',7,87),
	(1964,'2015-01-18','16:30:00','20:00:00',1,69),
	(1965,'2015-01-18','20:00:00','20:30:00',10,72),
	(1966,'2015-01-18','19:00:00','20:00:00',6,88),
	(1967,'2015-01-18','09:00:00','16:00:00',14,46),
	(1968,'2015-01-18','16:30:00','17:30:00',8,12),
	(1969,'2015-01-19','19:00:00','19:30:00',6,71),
	(1970,'2015-01-19','13:00:00','18:00:00',10,87),
	(1971,'2015-01-19','13:00:00','20:30:00',13,68),
	(1972,'2015-01-19','13:00:00','18:30:00',11,88),
	(1973,'2015-01-19','16:30:00','19:30:00',4,44),
	(1974,'2015-01-19','14:30:00','19:00:00',9,89),
	(1975,'2015-01-19','11:00:00','20:00:00',8,54),
	(1976,'2015-01-19','20:00:00','21:00:00',4,55),
	(1977,'2015-01-19','16:00:00','18:30:00',3,98),
	(1978,'2015-01-19','09:00:00','14:00:00',7,46),
	(1979,'2015-01-19','18:00:00','21:00:00',5,36),
	(1980,'2015-01-19','12:30:00','19:00:00',12,86),
	(1981,'2015-01-19','16:00:00','18:00:00',14,88),
	(1982,'2015-01-19','10:00:00','18:00:00',6,14),
	(1983,'2015-01-19','19:00:00','20:00:00',1,79),
	(1984,'2015-01-19','18:00:00','18:30:00',7,67),
	(1985,'2015-01-19','20:30:00','21:00:00',1,43),
	(1986,'2015-01-19','17:00:00','19:30:00',2,42),
	(1987,'2015-01-19','20:30:00','21:00:00',11,40),
	(1988,'2015-01-19','17:00:00','17:30:00',5,57),
	(1989,'2015-01-19','14:30:00','16:00:00',2,70),
	(1990,'2015-01-19','12:30:00','15:00:00',14,41),
	(1991,'2015-01-19','21:00:00','21:30:00',12,41),
	(1992,'2015-01-19','20:00:00','21:00:00',2,56),
	(1993,'2015-01-20','13:00:00','17:30:00',8,97),
	(1994,'2015-01-20','21:00:00','21:30:00',9,48),
	(1995,'2015-01-20','20:00:00','20:30:00',11,86),
	(1996,'2015-01-20','16:00:00','20:00:00',10,36),
	(1997,'2015-01-20','09:00:00','13:30:00',4,26),
	(1998,'2015-01-20','20:00:00','20:30:00',13,93),
	(1999,'2015-01-20','17:30:00','20:30:00',5,78),
	(2000,'2015-01-20','14:00:00','21:00:00',6,20),
	(2001,'2015-01-20','21:00:00','21:30:00',8,13),
	(2002,'2015-01-20','17:00:00','18:30:00',1,94),
	(2003,'2015-01-20','11:30:00','20:30:00',9,72),
	(2004,'2015-01-20','19:00:00','21:00:00',7,11),
	(2005,'2015-01-20','13:00:00','16:00:00',3,9),
	(2006,'2015-01-20','19:00:00','20:00:00',1,48),
	(2007,'2015-01-20','10:00:00','14:00:00',7,96),
	(2008,'2015-01-20','09:00:00','15:30:00',12,36),
	(2009,'2015-01-20','21:00:00','21:30:00',12,30),
	(2010,'2015-01-20','20:30:00','21:00:00',1,43),
	(2011,'2015-01-20','12:00:00','20:30:00',14,73),
	(2012,'2015-01-20','12:30:00','16:30:00',1,78),
	(2013,'2015-01-20','14:30:00','17:30:00',7,59),
	(2014,'2015-01-20','18:00:00','19:30:00',2,85),
	(2015,'2015-01-20','14:00:00','15:30:00',13,29),
	(2016,'2015-01-20','20:00:00','20:30:00',2,40),
	(2017,'2015-01-20','12:30:00','16:00:00',11,95),
	(2018,'2015-01-21','14:00:00','16:30:00',12,78),
	(2019,'2015-01-21','14:00:00','17:00:00',11,65),
	(2020,'2015-01-21','12:00:00','19:00:00',5,63),
	(2021,'2015-01-21','11:00:00','18:30:00',7,47),
	(2022,'2015-01-21','10:00:00','19:00:00',4,40),
	(2023,'2015-01-21','20:00:00','20:30:00',5,53),
	(2024,'2015-01-21','16:00:00','18:00:00',1,66),
	(2025,'2015-01-21','18:30:00','19:30:00',1,74),
	(2026,'2015-01-21','19:30:00','21:00:00',4,56),
	(2027,'2015-01-21','12:00:00','14:00:00',13,7),
	(2028,'2015-01-21','16:00:00','20:00:00',6,86),
	(2029,'2015-01-21','09:00:00','16:30:00',2,42),
	(2030,'2015-01-21','20:30:00','21:00:00',1,34),
	(2031,'2015-01-21','15:30:00','17:30:00',13,98),
	(2032,'2015-01-21','18:30:00','20:00:00',10,16),
	(2033,'2015-01-21','20:00:00','21:00:00',7,55),
	(2034,'2015-01-21','17:30:00','19:00:00',11,83),
	(2035,'2015-01-21','21:00:00','21:30:00',14,83),
	(2036,'2015-01-21','21:00:00','21:30:00',9,98),
	(2037,'2015-01-21','18:00:00','20:30:00',3,2),
	(2038,'2015-01-21','20:00:00','20:30:00',9,84),
	(2039,'2015-01-21','19:00:00','20:30:00',12,35),
	(2040,'2015-01-21','20:00:00','20:30:00',13,76),
	(2041,'2015-01-23','14:30:00','18:00:00',12,100),
	(2042,'2015-01-23','20:30:00','21:00:00',14,64),
	(2043,'2015-01-23','21:00:00','21:30:00',12,91),
	(2044,'2015-01-23','15:00:00','20:00:00',5,21),
	(2045,'2015-01-23','14:00:00','14:30:00',11,100),
	(2046,'2015-01-23','19:00:00','21:00:00',8,93),
	(2047,'2015-01-23','18:30:00','19:30:00',4,29),
	(2048,'2015-01-23','18:00:00','19:00:00',14,4),
	(2049,'2015-01-23','19:30:00','20:00:00',12,82),
	(2050,'2015-01-23','20:00:00','20:30:00',13,80),
	(2051,'2015-01-23','16:00:00','19:30:00',2,69),
	(2052,'2015-01-23','20:00:00','20:30:00',10,70),
	(2053,'2015-01-23','19:30:00','20:30:00',9,32),
	(2054,'2015-01-23','14:30:00','17:30:00',6,49),
	(2055,'2015-01-23','19:30:00','20:00:00',7,25),
	(2056,'2015-01-23','21:00:00','21:30:00',7,54),
	(2057,'2015-01-23','13:30:00','14:30:00',10,40),
	(2058,'2015-01-23','11:00:00','12:00:00',14,22),
	(2059,'2015-01-23','11:30:00','13:00:00',2,26),
	(2060,'2015-01-23','14:00:00','14:30:00',4,87),
	(2061,'2015-01-23','09:00:00','12:30:00',6,94),
	(2062,'2015-01-23','21:00:00','21:30:00',3,69),
	(2063,'2015-01-23','20:30:00','21:00:00',5,14),
	(2064,'2015-01-23','21:00:00','21:30:00',6,72),
	(2065,'2015-01-24','16:00:00','19:30:00',12,60),
	(2066,'2015-01-24','16:00:00','21:00:00',13,22),
	(2067,'2015-01-24','10:00:00','13:30:00',14,89),
	(2068,'2015-01-24','15:00:00','16:30:00',1,90),
	(2069,'2015-01-24','20:30:00','21:00:00',8,60),
	(2070,'2015-01-24','20:30:00','21:00:00',7,35),
	(2071,'2015-01-24','11:00:00','17:00:00',4,40),
	(2072,'2015-01-24','12:30:00','13:00:00',7,74),
	(2073,'2015-01-24','12:00:00','15:00:00',10,45),
	(2074,'2015-01-24','19:00:00','20:00:00',5,62),
	(2075,'2015-01-24','15:30:00','18:30:00',7,33),
	(2076,'2015-01-24','18:30:00','21:00:00',11,98),
	(2077,'2015-01-24','20:00:00','21:00:00',4,62),
	(2078,'2015-01-24','18:30:00','19:30:00',1,71),
	(2079,'2015-01-24','19:30:00','20:00:00',10,51),
	(2080,'2015-01-24','09:30:00','15:30:00',3,39),
	(2081,'2015-01-24','11:30:00','21:00:00',2,47),
	(2082,'2015-01-24','17:30:00','18:00:00',8,35),
	(2083,'2015-01-24','15:00:00','16:30:00',8,19),
	(2084,'2015-01-24','11:00:00','12:30:00',6,22),
	(2085,'2015-01-24','18:00:00','21:00:00',3,32),
	(2086,'2015-01-24','10:30:00','12:00:00',5,33),
	(2087,'2015-01-24','09:00:00','09:30:00',2,52),
	(2088,'2015-01-24','15:30:00','17:00:00',11,79),
	(2089,'2015-01-25','16:30:00','21:00:00',11,62),
	(2090,'2015-01-25','12:00:00','20:30:00',6,68),
	(2091,'2015-01-25','10:00:00','19:30:00',9,15),
	(2092,'2015-01-25','17:30:00','20:00:00',12,69),
	(2093,'2015-01-25','17:00:00','21:00:00',10,86),
	(2094,'2015-01-25','20:00:00','20:30:00',3,13),
	(2095,'2015-01-25','13:30:00','20:00:00',7,58),
	(2096,'2015-01-25','17:00:00','20:00:00',5,10),
	(2097,'2015-01-25','13:30:00','19:30:00',1,17),
	(2098,'2015-01-25','17:00:00','17:30:00',2,67),
	(2099,'2015-01-25','21:00:00','21:30:00',3,76),
	(2100,'2015-01-25','21:00:00','21:30:00',13,72),
	(2101,'2015-01-25','16:00:00','20:30:00',4,70),
	(2102,'2015-01-25','12:30:00','21:00:00',14,82),
	(2103,'2015-01-25','16:00:00','18:30:00',13,27),
	(2104,'2015-01-25','16:30:00','18:30:00',8,39),
	(2105,'2015-01-25','11:30:00','16:00:00',8,25),
	(2106,'2015-01-25','20:30:00','21:00:00',9,66),
	(2107,'2015-01-25','09:30:00','15:00:00',4,3),
	(2108,'2015-01-25','10:00:00','15:30:00',10,36),
	(2109,'2015-01-25','18:30:00','20:00:00',2,53),
	(2110,'2015-01-25','09:00:00','13:00:00',1,27),
	(2111,'2015-01-25','14:30:00','16:00:00',2,7),
	(2112,'2015-01-26','09:00:00','19:00:00',5,3),
	(2113,'2015-01-26','11:30:00','18:00:00',7,89),
	(2114,'2015-01-26','11:30:00','14:00:00',4,35),
	(2115,'2015-01-26','17:30:00','19:00:00',11,83),
	(2116,'2015-01-26','17:30:00','20:00:00',1,51),
	(2117,'2015-01-26','13:30:00','17:30:00',9,79),
	(2118,'2015-01-26','17:30:00','18:00:00',6,86),
	(2119,'2015-01-26','15:30:00','19:30:00',4,12),
	(2120,'2015-01-26','13:30:00','18:30:00',14,31),
	(2121,'2015-01-26','17:30:00','18:30:00',2,59),
	(2122,'2015-01-26','11:00:00','20:00:00',8,31),
	(2123,'2015-01-26','16:30:00','18:00:00',12,49),
	(2124,'2015-01-26','20:00:00','21:00:00',9,72),
	(2125,'2015-01-26','09:30:00','13:00:00',11,69),
	(2126,'2015-01-26','17:00:00','18:30:00',3,12),
	(2127,'2015-01-26','09:00:00','18:30:00',13,100),
	(2128,'2015-01-26','09:00:00','12:00:00',10,37),
	(2129,'2015-01-26','13:30:00','14:30:00',2,44),
	(2130,'2015-01-26','16:30:00','17:00:00',11,41),
	(2131,'2015-01-26','19:30:00','20:00:00',7,22),
	(2132,'2015-01-26','19:00:00','20:30:00',12,10),
	(2133,'2015-01-26','21:00:00','21:30:00',8,54),
	(2134,'2015-01-26','20:30:00','21:00:00',5,93),
	(2135,'2015-01-27','13:30:00','17:00:00',6,12),
	(2136,'2015-01-27','19:30:00','21:00:00',14,56),
	(2137,'2015-01-27','14:00:00','15:00:00',8,23),
	(2138,'2015-01-27','11:30:00','16:30:00',5,39),
	(2139,'2015-01-27','18:00:00','21:00:00',7,18),
	(2140,'2015-01-27','20:30:00','21:00:00',6,45),
	(2141,'2015-01-27','20:00:00','21:00:00',4,45),
	(2142,'2015-01-27','10:30:00','16:30:00',1,67),
	(2143,'2015-01-27','14:30:00','16:00:00',13,97),
	(2144,'2015-01-27','16:30:00','17:00:00',8,96),
	(2145,'2015-01-27','09:30:00','14:30:00',9,97),
	(2146,'2015-01-27','13:30:00','16:30:00',4,59),
	(2147,'2015-01-27','09:00:00','09:30:00',3,54),
	(2148,'2015-01-27','14:00:00','15:30:00',11,91),
	(2149,'2015-01-27','09:00:00','11:00:00',10,54),
	(2150,'2015-01-27','15:00:00','15:30:00',2,71),
	(2151,'2015-01-27','12:00:00','20:00:00',10,15),
	(2152,'2015-01-27','09:00:00','10:00:00',6,40),
	(2153,'2015-01-27','10:30:00','12:00:00',6,15),
	(2154,'2015-01-27','19:30:00','20:00:00',5,85),
	(2155,'2015-01-27','13:30:00','17:30:00',7,17),
	(2156,'2015-01-27','14:30:00','18:30:00',12,10),
	(2157,'2015-01-27','18:00:00','19:00:00',13,62),
	(2158,'2015-01-28','17:30:00','19:00:00',3,46),
	(2159,'2015-01-28','16:00:00','21:00:00',11,59),
	(2160,'2015-01-28','12:00:00','19:30:00',7,99),
	(2161,'2015-01-28','13:30:00','17:00:00',9,71),
	(2162,'2015-01-28','15:30:00','16:30:00',2,4),
	(2163,'2015-01-28','11:30:00','20:00:00',1,65),
	(2164,'2015-01-28','10:30:00','13:00:00',5,79),
	(2165,'2015-01-28','19:00:00','20:30:00',8,40),
	(2166,'2015-01-28','10:30:00','19:30:00',10,73),
	(2167,'2015-01-28','20:00:00','20:30:00',7,7),
	(2168,'2015-01-28','12:30:00','13:30:00',8,57),
	(2169,'2015-01-28','20:30:00','21:00:00',2,58),
	(2170,'2015-01-28','14:00:00','17:00:00',4,39),
	(2171,'2015-01-28','17:00:00','19:30:00',6,91),
	(2172,'2015-01-28','19:00:00','20:00:00',14,45),
	(2173,'2015-01-28','20:30:00','21:00:00',14,71),
	(2174,'2015-01-28','09:00:00','10:30:00',12,87),
	(2175,'2015-01-28','14:30:00','17:00:00',5,78),
	(2176,'2015-01-28','12:00:00','14:00:00',6,11),
	(2177,'2015-01-28','17:30:00','19:00:00',5,86),
	(2178,'2015-01-28','20:00:00','20:30:00',3,40),
	(2179,'2015-01-30','16:00:00','17:30:00',6,83),
	(2180,'2015-01-30','09:00:00','17:00:00',9,89),
	(2181,'2015-01-30','20:30:00','21:00:00',4,82),
	(2182,'2015-01-30','12:30:00','15:30:00',13,3),
	(2183,'2015-01-30','14:00:00','21:00:00',12,25),
	(2184,'2015-01-30','10:00:00','19:00:00',10,32),
	(2185,'2015-01-30','09:30:00','13:30:00',2,6),
	(2186,'2015-01-30','21:00:00','21:30:00',13,68),
	(2187,'2015-01-30','13:00:00','17:00:00',1,19),
	(2188,'2015-01-30','09:30:00','20:30:00',5,43),
	(2189,'2015-01-30','13:30:00','17:30:00',7,50),
	(2190,'2015-01-30','20:30:00','21:00:00',1,1),
	(2191,'2015-01-30','15:30:00','16:00:00',8,11),
	(2192,'2015-01-30','14:30:00','15:00:00',14,81),
	(2193,'2015-01-30','17:30:00','21:00:00',14,49),
	(2194,'2015-01-30','15:30:00','20:30:00',2,28),
	(2195,'2015-01-30','18:00:00','21:00:00',3,17),
	(2196,'2015-01-30','20:00:00','21:00:00',9,33),
	(2197,'2015-01-30','18:30:00','19:30:00',9,9),
	(2198,'2015-01-30','18:00:00','20:00:00',4,90),
	(2199,'2015-01-30','09:00:00','19:30:00',11,64),
	(2200,'2015-01-30','19:00:00','20:00:00',7,24),
	(2201,'2015-01-30','14:00:00','15:00:00',8,97),
	(2202,'2015-01-31','21:00:00','21:30:00',13,6),
	(2203,'2015-01-31','15:30:00','20:30:00',5,60),
	(2204,'2015-01-31','13:30:00','15:00:00',13,88),
	(2205,'2015-01-31','17:00:00','18:00:00',3,53),
	(2206,'2015-01-31','11:00:00','21:00:00',6,16),
	(2207,'2015-01-31','20:30:00','21:00:00',7,44),
	(2208,'2015-01-31','13:00:00','13:30:00',7,90),
	(2209,'2015-01-31','21:00:00','21:30:00',14,80),
	(2210,'2015-01-31','17:00:00','19:00:00',1,76),
	(2211,'2015-01-31','16:00:00','19:30:00',4,92),
	(2212,'2015-01-31','20:00:00','21:00:00',4,82),
	(2213,'2015-01-31','11:00:00','16:30:00',1,88),
	(2214,'2015-01-31','10:00:00','13:00:00',10,9),
	(2215,'2015-01-31','20:00:00','21:00:00',11,94),
	(2216,'2015-01-31','15:30:00','18:00:00',9,77),
	(2217,'2015-01-31','13:30:00','18:30:00',2,52),
	(2218,'2015-01-31','10:00:00','11:00:00',11,31),
	(2219,'2015-01-31','10:30:00','16:30:00',8,14),
	(2220,'2015-01-31','20:00:00','21:00:00',2,65),
	(2221,'2015-01-31','19:30:00','21:00:00',9,7),
	(2222,'2015-01-31','14:30:00','18:30:00',14,70),
	(2223,'2015-01-31','15:30:00','17:30:00',11,92),
	(2224,'2015-02-01','16:30:00','17:30:00',7,17),
	(2225,'2015-02-01','09:00:00','18:30:00',8,96),
	(2226,'2015-02-01','14:30:00','20:30:00',5,47),
	(2227,'2015-02-01','13:30:00','19:30:00',3,57),
	(2228,'2015-02-01','17:00:00','20:00:00',9,61),
	(2229,'2015-02-01','15:00:00','19:00:00',1,59),
	(2230,'2015-02-01','18:00:00','18:30:00',2,61),
	(2231,'2015-02-01','21:00:00','21:30:00',9,56),
	(2232,'2015-02-01','15:00:00','15:30:00',14,8),
	(2233,'2015-02-01','20:00:00','21:00:00',4,24),
	(2234,'2015-02-01','17:00:00','18:00:00',6,8),
	(2235,'2015-02-01','20:30:00','21:00:00',12,21),
	(2236,'2015-02-01','17:00:00','19:00:00',14,14),
	(2237,'2015-02-01','12:00:00','17:30:00',11,95),
	(2238,'2015-02-01','16:30:00','19:00:00',4,79),
	(2239,'2015-02-01','17:30:00','21:00:00',13,67),
	(2240,'2015-02-01','15:30:00','16:30:00',9,11),
	(2241,'2015-02-01','19:00:00','19:30:00',11,24),
	(2242,'2015-02-01','19:30:00','21:00:00',2,98),
	(2243,'2015-02-01','21:00:00','21:30:00',3,68),
	(2244,'2015-02-01','09:00:00','19:00:00',12,17),
	(2245,'2015-02-01','09:00:00','14:00:00',6,57),
	(2246,'2015-02-02','10:30:00','14:30:00',13,72),
	(2247,'2015-02-02','13:00:00','20:00:00',4,15),
	(2248,'2015-02-02','17:30:00','18:00:00',6,71),
	(2249,'2015-02-02','11:00:00','19:30:00',1,91),
	(2250,'2015-02-02','19:30:00','21:00:00',14,99),
	(2251,'2015-02-02','17:00:00','18:00:00',7,1),
	(2252,'2015-02-02','13:00:00','20:00:00',11,53),
	(2253,'2015-02-02','14:00:00','20:30:00',8,58),
	(2254,'2015-02-02','12:00:00','15:00:00',9,43),
	(2255,'2015-02-02','10:30:00','17:00:00',12,89),
	(2256,'2015-02-02','20:30:00','21:00:00',4,29),
	(2257,'2015-02-02','09:30:00','15:30:00',10,87),
	(2258,'2015-02-02','10:00:00','11:30:00',8,48),
	(2259,'2015-02-02','12:00:00','14:30:00',6,80),
	(2260,'2015-02-02','09:30:00','10:30:00',14,18),
	(2261,'2015-02-02','12:00:00','14:30:00',14,92),
	(2262,'2015-02-02','09:30:00','16:30:00',3,24),
	(2263,'2015-02-02','21:00:00','21:30:00',1,33),
	(2264,'2015-02-02','15:30:00','16:30:00',6,23),
	(2265,'2015-02-02','18:30:00','21:00:00',12,18),
	(2266,'2015-02-02','10:00:00','17:30:00',2,17),
	(2267,'2015-02-02','16:00:00','17:00:00',14,73),
	(2268,'2015-02-02','19:00:00','21:00:00',9,95),
	(2269,'2015-02-02','20:30:00','21:00:00',2,20),
	(2270,'2015-02-03','13:00:00','16:00:00',9,55),
	(2271,'2015-02-03','17:30:00','19:30:00',3,42),
	(2272,'2015-02-03','11:00:00','13:00:00',5,75),
	(2273,'2015-02-03','20:30:00','21:00:00',12,12),
	(2274,'2015-02-03','17:00:00','20:30:00',14,13),
	(2275,'2015-02-03','13:30:00','14:00:00',8,84),
	(2276,'2015-02-03','12:30:00','13:30:00',11,49),
	(2277,'2015-02-03','20:30:00','21:00:00',9,26),
	(2278,'2015-02-03','15:30:00','19:30:00',11,81),
	(2279,'2015-02-03','12:00:00','13:30:00',14,62),
	(2280,'2015-02-03','20:00:00','21:00:00',4,93),
	(2281,'2015-02-03','18:30:00','20:30:00',2,81),
	(2282,'2015-02-03','19:30:00','20:00:00',12,78),
	(2283,'2015-02-03','12:30:00','13:00:00',12,45),
	(2284,'2015-02-03','17:30:00','18:30:00',9,57),
	(2285,'2015-02-03','18:30:00','20:30:00',1,38),
	(2286,'2015-02-03','18:00:00','21:00:00',8,90),
	(2287,'2015-02-03','15:00:00','16:00:00',4,90),
	(2288,'2015-02-03','13:00:00','17:00:00',2,81),
	(2289,'2015-02-03','09:30:00','12:00:00',12,20),
	(2290,'2015-02-03','11:00:00','13:30:00',13,45),
	(2291,'2015-02-03','09:00:00','09:30:00',1,37),
	(2292,'2015-02-03','14:30:00','15:00:00',3,87),
	(2293,'2015-02-04','15:00:00','17:00:00',9,4),
	(2294,'2015-02-04','10:30:00','13:30:00',9,95),
	(2295,'2015-02-04','09:30:00','10:30:00',4,68),
	(2296,'2015-02-04','12:00:00','16:30:00',7,40),
	(2297,'2015-02-04','20:30:00','21:00:00',4,62),
	(2298,'2015-02-04','18:00:00','19:30:00',11,29),
	(2299,'2015-02-04','18:30:00','19:30:00',12,22),
	(2300,'2015-02-04','11:00:00','15:30:00',10,38),
	(2301,'2015-02-04','17:00:00','18:00:00',10,45),
	(2302,'2015-02-04','12:30:00','14:00:00',8,94),
	(2303,'2015-02-04','16:30:00','18:00:00',8,5),
	(2304,'2015-02-04','16:30:00','19:30:00',6,78),
	(2305,'2015-02-04','10:00:00','11:00:00',13,13),
	(2306,'2015-02-04','18:00:00','18:30:00',7,20),
	(2307,'2015-02-04','15:30:00','18:30:00',3,27),
	(2308,'2015-02-04','17:30:00','20:30:00',14,89),
	(2309,'2015-02-04','19:00:00','21:00:00',7,56),
	(2310,'2015-02-04','10:30:00','17:00:00',11,96),
	(2311,'2015-02-04','19:00:00','20:00:00',3,26),
	(2312,'2015-02-04','13:30:00','14:30:00',1,82),
	(2313,'2015-02-04','18:30:00','20:30:00',9,5),
	(2314,'2015-02-04','20:00:00','20:30:00',8,74),
	(2315,'2015-02-06','20:00:00','20:30:00',10,32),
	(2316,'2015-02-06','18:00:00','20:00:00',11,35),
	(2317,'2015-02-06','11:30:00','20:00:00',5,38),
	(2318,'2015-02-06','15:00:00','18:30:00',14,33),
	(2319,'2015-02-06','09:30:00','11:00:00',13,58),
	(2320,'2015-02-06','17:00:00','19:00:00',6,97),
	(2321,'2015-02-06','21:00:00','21:30:00',13,84),
	(2322,'2015-02-06','12:00:00','13:30:00',2,57),
	(2323,'2015-02-06','19:00:00','20:00:00',8,72),
	(2324,'2015-02-06','20:30:00','21:00:00',3,34),
	(2325,'2015-02-06','20:30:00','21:00:00',7,44),
	(2326,'2015-02-06','14:30:00','16:00:00',6,93),
	(2327,'2015-02-06','12:00:00','19:00:00',7,28),
	(2328,'2015-02-06','13:00:00','18:00:00',4,28),
	(2329,'2015-02-06','13:00:00','19:00:00',9,72),
	(2330,'2015-02-06','10:00:00','12:30:00',8,86),
	(2331,'2015-02-06','14:00:00','19:30:00',10,96),
	(2332,'2015-02-06','14:00:00','16:30:00',13,2),
	(2333,'2015-02-06','11:00:00','12:00:00',9,12),
	(2334,'2015-02-06','19:30:00','20:00:00',6,27),
	(2335,'2015-02-06','18:00:00','18:30:00',3,82),
	(2336,'2015-02-07','19:00:00','19:30:00',12,96),
	(2337,'2015-02-07','12:00:00','17:00:00',5,3),
	(2338,'2015-02-07','16:30:00','19:30:00',10,17),
	(2339,'2015-02-07','20:00:00','21:00:00',5,2),
	(2340,'2015-02-07','09:30:00','16:30:00',3,67),
	(2341,'2015-02-07','10:00:00','11:30:00',4,91),
	(2342,'2015-02-07','20:00:00','20:30:00',11,71),
	(2343,'2015-02-07','10:00:00','17:30:00',6,58),
	(2344,'2015-02-07','11:00:00','17:00:00',12,68),
	(2345,'2015-02-07','11:30:00','20:00:00',2,53),
	(2346,'2015-02-07','20:30:00','21:00:00',1,1),
	(2347,'2015-02-07','14:00:00','19:00:00',8,16),
	(2348,'2015-02-07','10:00:00','17:00:00',7,95),
	(2349,'2015-02-07','11:30:00','13:30:00',10,10),
	(2350,'2015-02-07','18:30:00','19:30:00',6,71),
	(2351,'2015-02-07','15:00:00','17:30:00',11,66),
	(2352,'2015-02-07','11:00:00','15:30:00',14,23),
	(2353,'2015-02-07','17:30:00','21:00:00',4,33),
	(2354,'2015-02-07','18:00:00','20:00:00',3,90),
	(2355,'2015-02-07','19:30:00','20:00:00',1,11),
	(2356,'2015-02-07','12:00:00','15:00:00',1,62),
	(2357,'2015-02-08','15:00:00','16:00:00',8,53),
	(2358,'2015-02-08','19:30:00','21:00:00',4,95),
	(2359,'2015-02-08','17:00:00','21:00:00',14,36),
	(2360,'2015-02-08','12:00:00','16:30:00',10,85),
	(2361,'2015-02-08','20:30:00','21:00:00',3,56),
	(2362,'2015-02-08','12:00:00','17:30:00',9,84),
	(2363,'2015-02-08','15:30:00','17:00:00',12,87),
	(2364,'2015-02-08','19:00:00','21:00:00',5,70),
	(2365,'2015-02-08','09:00:00','12:00:00',13,91),
	(2366,'2015-02-08','20:30:00','21:00:00',9,11),
	(2367,'2015-02-08','20:30:00','21:00:00',13,69),
	(2368,'2015-02-08','19:00:00','21:00:00',6,45),
	(2369,'2015-02-08','10:00:00','13:30:00',14,24),
	(2370,'2015-02-08','10:30:00','13:00:00',2,8),
	(2371,'2015-02-08','09:00:00','11:30:00',11,71),
	(2372,'2015-02-08','17:00:00','19:30:00',8,14),
	(2373,'2015-02-08','20:00:00','20:30:00',1,53),
	(2374,'2015-02-08','09:30:00','19:00:00',3,27),
	(2375,'2015-02-08','09:00:00','13:00:00',1,30),
	(2376,'2015-02-08','21:00:00','21:30:00',10,29),
	(2377,'2015-02-08','11:00:00','15:00:00',4,97),
	(2378,'2015-02-08','18:00:00','18:30:00',1,23),
	(2379,'2015-02-08','17:30:00','19:30:00',10,27),
	(2380,'2015-02-09','10:00:00','17:00:00',7,77),
	(2381,'2015-02-09','16:00:00','16:30:00',12,66),
	(2382,'2015-02-09','14:30:00','20:30:00',3,37),
	(2383,'2015-02-09','10:30:00','15:30:00',4,94),
	(2384,'2015-02-09','17:00:00','21:00:00',9,89),
	(2385,'2015-02-09','20:30:00','21:00:00',4,86),
	(2386,'2015-02-09','19:30:00','21:00:00',6,95),
	(2387,'2015-02-09','11:30:00','12:00:00',5,41),
	(2388,'2015-02-09','14:30:00','17:00:00',2,59),
	(2389,'2015-02-09','09:00:00','16:30:00',13,48),
	(2390,'2015-02-09','20:30:00','21:00:00',10,20),
	(2391,'2015-02-09','20:00:00','21:00:00',2,90),
	(2392,'2015-02-09','19:30:00','20:00:00',5,48),
	(2393,'2015-02-09','15:30:00','16:30:00',8,15),
	(2394,'2015-02-09','20:30:00','21:00:00',13,47),
	(2395,'2015-02-09','10:30:00','17:30:00',1,60),
	(2396,'2015-02-09','15:00:00','18:00:00',5,15),
	(2397,'2015-02-09','10:00:00','12:30:00',2,8),
	(2398,'2015-02-09','20:00:00','21:00:00',12,26),
	(2399,'2015-02-09','19:30:00','20:00:00',14,3),
	(2400,'2015-02-09','13:00:00','18:00:00',11,45),
	(2401,'2015-02-09','19:30:00','20:00:00',10,57),
	(2402,'2015-02-10','16:00:00','19:30:00',10,26),
	(2403,'2015-02-10','18:00:00','19:30:00',2,65),
	(2404,'2015-02-10','12:30:00','13:00:00',14,17),
	(2405,'2015-02-10','09:00:00','16:30:00',9,97),
	(2406,'2015-02-10','21:00:00','21:30:00',8,97),
	(2407,'2015-02-10','12:00:00','18:30:00',11,7),
	(2408,'2015-02-10','14:30:00','18:00:00',8,58),
	(2409,'2015-02-10','09:30:00','13:00:00',10,58),
	(2410,'2015-02-10','20:30:00','21:00:00',10,35),
	(2411,'2015-02-10','11:00:00','21:00:00',7,76),
	(2412,'2015-02-10','09:00:00','20:30:00',1,42),
	(2413,'2015-02-10','11:00:00','17:30:00',6,8),
	(2414,'2015-02-10','13:00:00','14:30:00',12,14),
	(2415,'2015-02-10','21:00:00','21:30:00',13,35),
	(2416,'2015-02-10','18:00:00','20:30:00',13,57),
	(2417,'2015-02-10','10:30:00','15:30:00',5,29),
	(2418,'2015-02-10','14:30:00','16:00:00',3,44),
	(2419,'2015-02-10','17:30:00','19:30:00',3,30),
	(2420,'2015-02-10','20:00:00','20:30:00',2,58),
	(2421,'2015-02-10','20:30:00','21:00:00',12,17),
	(2422,'2015-02-11','18:00:00','21:00:00',10,77),
	(2423,'2015-02-11','13:00:00','17:00:00',6,17),
	(2424,'2015-02-11','17:00:00','20:00:00',12,83),
	(2425,'2015-02-11','16:30:00','19:00:00',3,9),
	(2426,'2015-02-11','19:30:00','20:00:00',8,25),
	(2427,'2015-02-11','11:30:00','20:30:00',11,97),
	(2428,'2015-02-11','10:00:00','11:30:00',5,69),
	(2429,'2015-02-11','12:00:00','17:00:00',1,80),
	(2430,'2015-02-11','15:00:00','15:30:00',2,51),
	(2431,'2015-02-11','14:30:00','18:30:00',5,32),
	(2432,'2015-02-11','17:00:00','19:30:00',13,88),
	(2433,'2015-02-11','15:00:00','20:30:00',9,61),
	(2434,'2015-02-11','20:30:00','21:00:00',4,90),
	(2435,'2015-02-11','19:00:00','19:30:00',2,56),
	(2436,'2015-02-11','09:30:00','16:30:00',12,35),
	(2437,'2015-02-11','20:30:00','21:00:00',2,61),
	(2438,'2015-02-11','14:00:00','14:30:00',13,30),
	(2439,'2015-02-11','14:00:00','19:30:00',7,11),
	(2440,'2015-02-11','12:00:00','17:00:00',10,29),
	(2441,'2015-02-11','13:30:00','14:00:00',3,7),
	(2442,'2015-02-13','18:00:00','21:00:00',3,39),
	(2443,'2015-02-13','15:30:00','17:30:00',4,28),
	(2444,'2015-02-13','09:00:00','15:30:00',5,82),
	(2445,'2015-02-13','11:30:00','15:30:00',12,88),
	(2446,'2015-02-13','11:00:00','18:00:00',1,57),
	(2447,'2015-02-13','20:30:00','21:00:00',10,95),
	(2448,'2015-02-13','21:00:00','21:30:00',1,67),
	(2449,'2015-02-13','20:30:00','21:00:00',8,43),
	(2450,'2015-02-13','11:30:00','17:30:00',7,36),
	(2451,'2015-02-13','09:00:00','12:00:00',4,25),
	(2452,'2015-02-13','20:00:00','21:00:00',12,24),
	(2453,'2015-02-13','20:00:00','20:30:00',13,49),
	(2454,'2015-02-13','15:00:00','16:00:00',14,92),
	(2455,'2015-02-13','10:30:00','13:30:00',2,20),
	(2456,'2015-02-13','12:30:00','16:00:00',8,13),
	(2457,'2015-02-13','17:30:00','18:30:00',9,27),
	(2458,'2015-02-13','20:30:00','21:00:00',4,11),
	(2459,'2015-02-13','13:00:00','15:00:00',6,81),
	(2460,'2015-02-13','17:30:00','20:30:00',6,42),
	(2461,'2015-02-13','17:30:00','18:30:00',10,64),
	(2462,'2015-02-14','20:30:00','21:00:00',13,44),
	(2463,'2015-02-14','19:30:00','21:00:00',2,23),
	(2464,'2015-02-14','15:00:00','19:00:00',5,79),
	(2465,'2015-02-14','09:00:00','11:30:00',10,38),
	(2466,'2015-02-14','11:00:00','16:00:00',9,85),
	(2467,'2015-02-14','16:00:00','19:30:00',8,96),
	(2468,'2015-02-14','17:30:00','19:00:00',12,21),
	(2469,'2015-02-14','09:00:00','20:30:00',14,34),
	(2470,'2015-02-14','17:00:00','19:00:00',10,27),
	(2471,'2015-02-14','16:00:00','19:30:00',11,36),
	(2472,'2015-02-14','10:30:00','13:00:00',11,34),
	(2473,'2015-02-14','20:00:00','20:30:00',9,25),
	(2474,'2015-02-14','13:30:00','19:30:00',1,65),
	(2475,'2015-02-14','16:00:00','17:00:00',4,96),
	(2476,'2015-02-14','16:00:00','17:30:00',3,92),
	(2477,'2015-02-14','14:30:00','16:30:00',6,72),
	(2478,'2015-02-14','14:00:00','17:00:00',12,88),
	(2479,'2015-02-14','20:30:00','21:00:00',11,37),
	(2480,'2015-02-14','09:00:00','12:30:00',7,78),
	(2481,'2015-02-14','14:30:00','20:00:00',13,23),
	(2482,'2015-02-15','10:00:00','17:30:00',9,43),
	(2483,'2015-02-15','15:00:00','16:30:00',13,66),
	(2484,'2015-02-15','20:00:00','20:30:00',9,53),
	(2485,'2015-02-15','09:30:00','18:00:00',12,55),
	(2486,'2015-02-15','10:00:00','14:00:00',5,83),
	(2487,'2015-02-15','10:30:00','20:00:00',14,7),
	(2488,'2015-02-15','10:00:00','20:30:00',4,17),
	(2489,'2015-02-15','16:00:00','19:00:00',2,86),
	(2490,'2015-02-15','18:00:00','20:00:00',10,1),
	(2491,'2015-02-15','18:30:00','20:00:00',13,90),
	(2492,'2015-02-15','14:30:00','21:00:00',8,85),
	(2493,'2015-02-15','16:30:00','19:30:00',6,60),
	(2494,'2015-02-15','10:30:00','14:00:00',6,76),
	(2495,'2015-02-15','20:30:00','21:00:00',6,54),
	(2496,'2015-02-15','16:30:00','18:00:00',7,23),
	(2497,'2015-02-15','09:00:00','09:30:00',7,30),
	(2498,'2015-02-15','18:00:00','19:00:00',3,43),
	(2499,'2015-02-15','11:00:00','13:00:00',13,1),
	(2500,'2015-02-15','14:00:00','18:30:00',1,76),
	(2501,'2015-02-16','21:00:00','21:30:00',12,58),
	(2502,'2015-02-16','17:30:00','18:30:00',5,24),
	(2503,'2015-02-16','12:00:00','13:30:00',4,39),
	(2504,'2015-02-16','14:00:00','20:00:00',9,2),
	(2505,'2015-02-16','12:00:00','14:00:00',1,33),
	(2506,'2015-02-16','20:00:00','20:30:00',2,21),
	(2507,'2015-02-16','10:30:00','11:30:00',11,52),
	(2508,'2015-02-16','19:00:00','20:30:00',12,61),
	(2509,'2015-02-16','10:30:00','12:30:00',12,66),
	(2510,'2015-02-16','13:30:00','20:30:00',10,20),
	(2511,'2015-02-16','09:00:00','16:00:00',7,92),
	(2512,'2015-02-16','10:00:00','15:00:00',14,68),
	(2513,'2015-02-16','11:00:00','11:30:00',5,62),
	(2514,'2015-02-16','11:00:00','14:00:00',8,19),
	(2515,'2015-02-16','11:00:00','15:00:00',3,23),
	(2516,'2015-02-16','21:00:00','21:30:00',6,64),
	(2517,'2015-02-16','15:30:00','17:00:00',8,34),
	(2518,'2015-02-16','18:30:00','20:30:00',14,30),
	(2519,'2015-02-16','18:00:00','21:00:00',13,31),
	(2520,'2015-02-16','19:30:00','20:00:00',6,66),
	(2521,'2015-02-16','17:30:00','18:30:00',7,18),
	(2522,'2015-02-16','15:00:00','16:00:00',5,66),
	(2523,'2015-02-17','19:30:00','20:00:00',1,16),
	(2524,'2015-02-17','12:30:00','14:00:00',7,91),
	(2525,'2015-02-17','19:00:00','20:00:00',12,90),
	(2526,'2015-02-17','12:30:00','20:30:00',11,57),
	(2527,'2015-02-17','12:00:00','20:00:00',2,72),
	(2528,'2015-02-17','14:30:00','18:30:00',9,61),
	(2529,'2015-02-17','11:00:00','12:00:00',7,9),
	(2530,'2015-02-17','12:30:00','20:00:00',8,79),
	(2531,'2015-02-17','21:00:00','21:30:00',4,2),
	(2532,'2015-02-17','14:00:00','19:30:00',13,60),
	(2533,'2015-02-17','10:30:00','15:00:00',5,52),
	(2534,'2015-02-17','14:30:00','18:30:00',10,82),
	(2535,'2015-02-17','18:00:00','19:30:00',14,88),
	(2536,'2015-02-17','12:00:00','20:30:00',6,37),
	(2537,'2015-02-17','13:00:00','14:30:00',1,99),
	(2538,'2015-02-17','16:00:00','18:30:00',5,63),
	(2539,'2015-02-17','20:30:00','21:00:00',14,31),
	(2540,'2015-02-17','10:30:00','13:30:00',9,90),
	(2541,'2015-02-17','19:00:00','20:00:00',3,71),
	(2542,'2015-02-17','14:00:00','18:30:00',3,43),
	(2543,'2015-02-18','20:30:00','21:00:00',3,7),
	(2544,'2015-02-18','11:00:00','18:00:00',8,2),
	(2545,'2015-02-18','14:00:00','15:30:00',2,3),
	(2546,'2015-02-18','13:00:00','14:00:00',3,25),
	(2547,'2015-02-18','15:00:00','17:00:00',3,46),
	(2548,'2015-02-18','13:30:00','15:00:00',14,69),
	(2549,'2015-02-18','19:30:00','20:00:00',8,36),
	(2550,'2015-02-18','14:00:00','18:00:00',5,41),
	(2551,'2015-02-18','19:30:00','20:30:00',1,55),
	(2552,'2015-02-18','11:00:00','17:00:00',9,58),
	(2553,'2015-02-18','18:00:00','20:00:00',2,68),
	(2554,'2015-02-18','19:30:00','20:00:00',10,58),
	(2555,'2015-02-18','09:30:00','20:30:00',7,22),
	(2556,'2015-02-18','10:00:00','14:30:00',4,36),
	(2557,'2015-02-18','20:30:00','21:00:00',10,84),
	(2558,'2015-02-18','14:00:00','14:30:00',10,40),
	(2559,'2015-02-18','19:00:00','21:00:00',13,27),
	(2560,'2015-02-18','19:00:00','20:00:00',4,38),
	(2561,'2015-02-18','10:00:00','12:30:00',3,61),
	(2562,'2015-02-18','20:00:00','20:30:00',6,23),
	(2563,'2015-02-18','09:00:00','09:30:00',10,90),
	(2564,'2015-02-20','12:00:00','18:00:00',8,10),
	(2565,'2015-02-20','15:00:00','20:30:00',13,100),
	(2566,'2015-02-20','11:00:00','12:00:00',12,11),
	(2567,'2015-02-20','12:00:00','18:30:00',10,76),
	(2568,'2015-02-20','12:00:00','18:00:00',7,100),
	(2569,'2015-02-20','09:00:00','14:30:00',13,72),
	(2570,'2015-02-20','11:00:00','16:30:00',6,11),
	(2571,'2015-02-20','10:30:00','13:00:00',9,94),
	(2572,'2015-02-20','10:00:00','20:30:00',5,53),
	(2573,'2015-02-20','09:00:00','16:30:00',4,9),
	(2574,'2015-02-20','18:30:00','20:00:00',11,24),
	(2575,'2015-02-20','20:30:00','21:00:00',2,68),
	(2576,'2015-02-20','14:30:00','20:00:00',9,53),
	(2577,'2015-02-20','15:00:00','20:30:00',14,80),
	(2578,'2015-02-20','18:30:00','20:30:00',3,73),
	(2579,'2015-02-20','14:30:00','15:30:00',12,60),
	(2580,'2015-02-20','21:00:00','21:30:00',10,61),
	(2581,'2015-02-20','18:00:00','19:00:00',12,11),
	(2582,'2015-02-21','11:30:00','17:30:00',8,70),
	(2583,'2015-02-21','09:30:00','17:00:00',6,72),
	(2584,'2015-02-21','15:30:00','19:00:00',14,99),
	(2585,'2015-02-21','09:30:00','14:30:00',5,13),
	(2586,'2015-02-21','21:00:00','21:30:00',3,64),
	(2587,'2015-02-21','11:30:00','16:30:00',3,64),
	(2588,'2015-02-21','10:30:00','17:00:00',10,77),
	(2589,'2015-02-21','11:00:00','19:00:00',4,66),
	(2590,'2015-02-21','10:30:00','19:00:00',2,58),
	(2591,'2015-02-21','15:30:00','17:00:00',11,31),
	(2592,'2015-02-21','19:30:00','20:00:00',14,56),
	(2593,'2015-02-21','10:00:00','11:30:00',9,14),
	(2594,'2015-02-21','13:00:00','16:30:00',1,38),
	(2595,'2015-02-21','11:30:00','17:00:00',12,60),
	(2596,'2015-02-21','20:00:00','20:30:00',10,78),
	(2597,'2015-02-21','17:30:00','18:00:00',12,68),
	(2598,'2015-02-21','18:30:00','20:00:00',12,2),
	(2599,'2015-02-21','19:00:00','20:00:00',9,9),
	(2600,'2015-02-22','11:00:00','14:00:00',1,51),
	(2601,'2015-02-22','17:30:00','19:00:00',11,3),
	(2602,'2015-02-22','09:00:00','11:30:00',12,16),
	(2603,'2015-02-22','14:00:00','15:30:00',10,23),
	(2604,'2015-02-22','20:30:00','21:00:00',1,14),
	(2605,'2015-02-22','19:00:00','19:30:00',6,80),
	(2606,'2015-02-22','11:30:00','17:30:00',9,17),
	(2607,'2015-02-22','17:30:00','20:30:00',13,94),
	(2608,'2015-02-22','09:30:00','15:00:00',11,94),
	(2609,'2015-02-22','18:30:00','21:00:00',12,53),
	(2610,'2015-02-22','12:30:00','16:30:00',2,81),
	(2611,'2015-02-22','11:30:00','17:30:00',14,39),
	(2612,'2015-02-22','14:00:00','16:30:00',7,82),
	(2613,'2015-02-22','18:00:00','20:30:00',8,23),
	(2614,'2015-02-22','14:00:00','21:00:00',5,45),
	(2615,'2015-02-22','19:00:00','20:30:00',2,9),
	(2616,'2015-02-22','11:30:00','15:30:00',13,58),
	(2617,'2015-02-22','20:30:00','21:00:00',11,90),
	(2618,'2015-02-22','11:00:00','12:00:00',6,63),
	(2619,'2015-02-23','11:30:00','14:30:00',3,64),
	(2620,'2015-02-23','09:30:00','12:30:00',5,11),
	(2621,'2015-02-23','10:30:00','20:00:00',2,24),
	(2622,'2015-02-23','18:30:00','19:30:00',14,98),
	(2623,'2015-02-23','11:00:00','14:30:00',9,76),
	(2624,'2015-02-23','18:30:00','20:00:00',12,33),
	(2625,'2015-02-23','10:30:00','18:30:00',6,29),
	(2626,'2015-02-23','10:30:00','17:00:00',4,39),
	(2627,'2015-02-23','15:00:00','19:00:00',5,38),
	(2628,'2015-02-23','20:30:00','21:00:00',2,24),
	(2629,'2015-02-23','20:00:00','21:00:00',10,24),
	(2630,'2015-02-23','19:00:00','21:00:00',8,49),
	(2631,'2015-02-23','19:00:00','19:30:00',11,61),
	(2632,'2015-02-23','10:30:00','15:00:00',14,16),
	(2633,'2015-02-23','18:30:00','21:00:00',9,97),
	(2634,'2015-02-23','17:00:00','19:00:00',7,12),
	(2635,'2015-02-23','14:30:00','19:30:00',1,67),
	(2636,'2015-02-23','17:30:00','20:00:00',13,38),
	(2637,'2015-02-23','20:00:00','21:00:00',5,55),
	(2638,'2015-02-24','11:30:00','15:30:00',13,30),
	(2639,'2015-02-24','18:30:00','19:00:00',5,97),
	(2640,'2015-02-24','21:00:00','21:30:00',1,13),
	(2641,'2015-02-24','10:30:00','18:00:00',1,97),
	(2642,'2015-02-24','19:30:00','20:30:00',3,36),
	(2643,'2015-02-24','17:00:00','18:30:00',14,19),
	(2644,'2015-02-24','18:00:00','20:30:00',9,86),
	(2645,'2015-02-24','12:30:00','14:30:00',8,20),
	(2646,'2015-02-24','16:00:00','18:30:00',6,40),
	(2647,'2015-02-24','16:30:00','20:30:00',11,68),
	(2648,'2015-02-24','11:00:00','13:00:00',12,58),
	(2649,'2015-02-24','15:00:00','20:00:00',4,80),
	(2650,'2015-02-24','15:00:00','19:00:00',12,83),
	(2651,'2015-02-24','19:30:00','20:00:00',7,35),
	(2652,'2015-02-24','10:00:00','16:00:00',11,78),
	(2653,'2015-02-24','10:00:00','13:30:00',4,31),
	(2654,'2015-02-24','10:00:00','17:30:00',3,70),
	(2655,'2015-02-24','14:00:00','17:30:00',7,31),
	(2656,'2015-02-24','19:00:00','19:30:00',13,100),
	(2657,'2015-02-24','19:00:00','20:30:00',1,9),
	(2658,'2015-02-25','09:00:00','16:30:00',7,10),
	(2659,'2015-02-25','09:30:00','11:00:00',12,19),
	(2660,'2015-02-25','13:30:00','17:00:00',12,46),
	(2661,'2015-02-25','16:30:00','20:00:00',1,14),
	(2662,'2015-02-25','11:30:00','12:00:00',10,44),
	(2663,'2015-02-25','13:00:00','20:30:00',8,49),
	(2664,'2015-02-25','20:00:00','20:30:00',9,34),
	(2665,'2015-02-25','20:30:00','21:00:00',14,90),
	(2666,'2015-02-25','20:30:00','21:00:00',5,80),
	(2667,'2015-02-25','15:00:00','17:00:00',2,17),
	(2668,'2015-02-25','09:00:00','13:00:00',4,14),
	(2669,'2015-02-25','13:00:00','18:00:00',10,91),
	(2670,'2015-02-25','14:30:00','17:30:00',6,19),
	(2671,'2015-02-25','18:00:00','20:00:00',3,96),
	(2672,'2015-02-25','19:30:00','21:00:00',12,67),
	(2673,'2015-02-25','19:30:00','20:00:00',13,26),
	(2674,'2015-02-25','20:30:00','21:00:00',7,36),
	(2675,'2015-02-27','18:30:00','19:00:00',11,5),
	(2676,'2015-02-27','13:30:00','20:30:00',1,48),
	(2677,'2015-02-27','18:00:00','18:30:00',8,59),
	(2678,'2015-02-27','15:30:00','17:00:00',6,18),
	(2679,'2015-02-27','13:30:00','14:00:00',9,46),
	(2680,'2015-02-27','14:30:00','21:00:00',12,5),
	(2681,'2015-02-27','13:30:00','17:00:00',3,35),
	(2682,'2015-02-27','16:00:00','18:00:00',14,95),
	(2683,'2015-02-27','18:30:00','20:30:00',3,44),
	(2684,'2015-02-27','17:00:00','20:30:00',2,79),
	(2685,'2015-02-27','12:00:00','15:00:00',13,32),
	(2686,'2015-02-27','14:30:00','18:30:00',4,33),
	(2687,'2015-02-27','19:30:00','21:00:00',9,29),
	(2688,'2015-02-27','17:00:00','18:00:00',13,73),
	(2689,'2015-02-27','13:30:00','15:30:00',11,14),
	(2690,'2015-02-27','20:00:00','20:30:00',5,93),
	(2691,'2015-02-27','09:00:00','16:00:00',8,4),
	(2692,'2015-02-27','10:00:00','10:30:00',14,55),
	(2693,'2015-02-27','09:00:00','09:30:00',7,13),
	(2694,'2015-02-28','09:00:00','12:00:00',1,100),
	(2695,'2015-02-28','18:00:00','21:00:00',4,35),
	(2696,'2015-02-28','12:30:00','17:00:00',4,93),
	(2697,'2015-02-28','12:00:00','20:30:00',5,80),
	(2698,'2015-02-28','19:30:00','20:00:00',13,36),
	(2699,'2015-02-28','21:00:00','21:30:00',11,36),
	(2700,'2015-02-28','18:00:00','20:30:00',1,97),
	(2701,'2015-02-28','19:30:00','20:00:00',2,27),
	(2702,'2015-02-28','21:00:00','21:30:00',2,45),
	(2703,'2015-02-28','16:30:00','18:30:00',7,40),
	(2704,'2015-02-28','15:30:00','16:30:00',8,18),
	(2705,'2015-02-28','19:30:00','20:30:00',9,30),
	(2706,'2015-02-28','11:30:00','14:30:00',7,62),
	(2707,'2015-02-28','21:00:00','21:30:00',14,15),
	(2708,'2015-02-28','09:00:00','16:30:00',10,4),
	(2709,'2015-02-28','21:00:00','21:30:00',8,16),
	(2710,'2015-02-28','11:00:00','16:30:00',11,44),
	(2711,'2015-02-28','10:30:00','17:00:00',6,9),
	(2712,'2015-02-28','18:00:00','20:00:00',11,18),
	(2713,'2015-02-28','21:00:00','21:30:00',3,31),
	(2714,'0000-00-00','18:00:00','21:00:00',5,48),
	(2715,'0000-00-00','11:00:00','21:00:00',11,49),
	(2716,'0000-00-00','17:00:00','19:30:00',3,34),
	(2717,'0000-00-00','16:30:00','20:30:00',12,69),
	(2718,'0000-00-00','13:30:00','15:00:00',13,55),
	(2719,'0000-00-00','13:30:00','16:00:00',10,89),
	(2720,'0000-00-00','16:00:00','16:30:00',5,55),
	(2721,'0000-00-00','20:30:00','21:00:00',2,66),
	(2722,'0000-00-00','21:00:00','21:30:00',1,86),
	(2723,'0000-00-00','09:30:00','11:30:00',10,88),
	(2724,'0000-00-00','09:00:00','16:00:00',6,46),
	(2725,'0000-00-00','11:30:00','15:30:00',3,19),
	(2726,'0000-00-00','21:00:00','21:30:00',14,45),
	(2727,'0000-00-00','15:30:00','17:00:00',9,67),
	(2728,'0000-00-00','18:00:00','18:30:00',1,98),
	(2729,'0000-00-00','11:00:00','12:00:00',8,76),
	(2730,'0000-00-00','20:00:00','20:30:00',13,97),
	(2731,'0000-00-00','12:30:00','15:30:00',1,7),
	(2732,'0000-00-00','14:30:00','15:00:00',12,4),
	(2733,'0000-00-00','21:00:00','21:30:00',13,58),
	(2734,'2015-03-01','15:30:00','20:00:00',14,30),
	(2735,'2015-03-01','17:30:00','21:00:00',4,62),
	(2736,'2015-03-01','12:00:00','18:30:00',12,37),
	(2737,'2015-03-01','11:00:00','17:00:00',7,12),
	(2738,'2015-03-01','17:00:00','18:00:00',10,95),
	(2739,'2015-03-01','11:00:00','19:00:00',2,54),
	(2740,'2015-03-01','11:00:00','16:30:00',5,8),
	(2741,'2015-03-01','18:30:00','20:30:00',7,62),
	(2742,'2015-03-01','18:30:00','19:30:00',1,73),
	(2743,'2015-03-01','20:00:00','20:30:00',2,86),
	(2744,'2015-03-01','17:00:00','21:00:00',5,58),
	(2745,'2015-03-01','10:00:00','15:00:00',4,77),
	(2746,'2015-03-01','14:00:00','16:00:00',3,88),
	(2747,'2015-03-01','18:00:00','19:30:00',9,85),
	(2748,'2015-03-01','16:00:00','17:30:00',9,53),
	(2749,'2015-03-01','16:00:00','17:30:00',1,8),
	(2750,'2015-03-01','21:00:00','21:30:00',10,20),
	(2751,'2015-03-02','17:00:00','19:00:00',3,95),
	(2752,'2015-03-02','15:30:00','16:00:00',1,19),
	(2753,'2015-03-02','16:00:00','18:00:00',13,92),
	(2754,'2015-03-02','18:30:00','19:00:00',14,59),
	(2755,'2015-03-02','15:30:00','16:00:00',12,52),
	(2756,'2015-03-02','18:00:00','19:30:00',6,3),
	(2757,'2015-03-02','20:00:00','21:00:00',6,58),
	(2758,'2015-03-02','09:00:00','18:30:00',9,43),
	(2759,'2015-03-02','09:30:00','13:30:00',10,51),
	(2760,'2015-03-02','11:00:00','19:30:00',4,42),
	(2761,'2015-03-02','14:00:00','15:30:00',3,20),
	(2762,'2015-03-02','17:00:00','18:00:00',8,59),
	(2763,'2015-03-02','11:00:00','13:00:00',3,96),
	(2764,'2015-03-02','20:00:00','20:30:00',14,81),
	(2765,'2015-03-02','18:00:00','19:00:00',5,69),
	(2766,'2015-03-02','12:30:00','15:00:00',6,71),
	(2767,'2015-03-02','12:30:00','13:00:00',8,79),
	(2768,'2015-03-03','18:00:00','20:30:00',2,10),
	(2769,'2015-03-03','15:00:00','15:30:00',12,87),
	(2770,'2015-03-03','18:00:00','19:00:00',1,13),
	(2771,'2015-03-03','20:00:00','20:30:00',13,46),
	(2772,'2015-03-03','15:00:00','15:30:00',13,80),
	(2773,'2015-03-03','21:00:00','21:30:00',2,51),
	(2774,'2015-03-03','15:30:00','20:00:00',8,40),
	(2775,'2015-03-03','15:30:00','20:30:00',4,74),
	(2776,'2015-03-03','20:00:00','20:30:00',10,96),
	(2777,'2015-03-03','14:30:00','15:00:00',6,67),
	(2778,'2015-03-03','16:00:00','17:00:00',1,30),
	(2779,'2015-03-03','11:00:00','12:00:00',3,95),
	(2780,'2015-03-03','11:00:00','16:00:00',10,26),
	(2781,'2015-03-03','11:30:00','18:00:00',11,26),
	(2782,'2015-03-03','16:00:00','21:00:00',3,3),
	(2783,'2015-03-03','13:00:00','13:30:00',13,56),
	(2784,'2015-03-05','20:30:00','21:00:00',13,94),
	(2785,'2015-03-05','15:00:00','16:00:00',11,36),
	(2786,'2015-03-05','19:00:00','20:30:00',1,43),
	(2787,'2015-03-05','12:30:00','21:00:00',5,5),
	(2788,'2015-03-05','11:00:00','20:00:00',7,76),
	(2789,'2015-03-05','16:00:00','18:30:00',13,73),
	(2790,'2015-03-05','17:00:00','17:30:00',3,94),
	(2791,'2015-03-05','10:00:00','12:00:00',13,69),
	(2792,'2015-03-05','18:00:00','18:30:00',1,96),
	(2793,'2015-03-05','10:00:00','10:30:00',4,35),
	(2794,'2015-03-05','16:00:00','18:30:00',4,36),
	(2795,'2015-03-05','14:30:00','16:00:00',8,69),
	(2796,'2015-03-05','13:00:00','16:00:00',1,43),
	(2797,'2015-03-05','15:00:00','17:30:00',9,10),
	(2798,'2015-03-05','15:30:00','19:00:00',2,70),
	(2799,'2015-03-05','10:00:00','11:00:00',9,35),
	(2800,'2015-03-05','13:00:00','19:30:00',10,9),
	(2801,'2015-03-05','17:00:00','18:00:00',14,22),
	(2802,'2015-03-05','09:00:00','11:00:00',6,62),
	(2803,'2015-03-06','15:00:00','19:30:00',2,15),
	(2804,'2015-03-06','13:30:00','16:00:00',6,21),
	(2805,'2015-03-06','16:30:00','20:30:00',6,78),
	(2806,'2015-03-06','20:30:00','21:00:00',2,2),
	(2807,'2015-03-06','15:30:00','16:00:00',3,63),
	(2808,'2015-03-06','09:30:00','17:00:00',4,21),
	(2809,'2015-03-06','12:00:00','18:00:00',11,84),
	(2810,'2015-03-06','12:30:00','21:00:00',10,86),
	(2811,'2015-03-06','12:00:00','13:00:00',13,11),
	(2812,'2015-03-06','20:00:00','21:00:00',12,28),
	(2813,'2015-03-06','13:00:00','20:30:00',5,17),
	(2814,'2015-03-06','17:00:00','18:00:00',13,51),
	(2815,'2015-03-06','13:00:00','17:30:00',9,76),
	(2816,'2015-03-06','16:00:00','20:30:00',7,46),
	(2817,'2015-03-06','18:30:00','20:00:00',8,37),
	(2818,'2015-03-06','20:30:00','21:00:00',4,63),
	(2819,'2015-03-06','11:30:00','14:30:00',14,59),
	(2820,'2015-03-06','11:30:00','14:00:00',1,70),
	(2821,'2015-03-07','18:30:00','20:00:00',6,61),
	(2822,'2015-03-07','19:30:00','20:00:00',13,33),
	(2823,'2015-03-07','18:30:00','20:00:00',3,41),
	(2824,'2015-03-07','14:00:00','18:00:00',10,38),
	(2825,'2015-03-07','10:00:00','14:00:00',14,74),
	(2826,'2015-03-07','13:30:00','17:00:00',12,22),
	(2827,'2015-03-07','21:00:00','21:30:00',3,5),
	(2828,'2015-03-07','18:30:00','19:00:00',9,6),
	(2829,'2015-03-07','19:30:00','20:30:00',4,74),
	(2830,'2015-03-07','11:00:00','12:30:00',4,98),
	(2831,'2015-03-07','10:30:00','15:00:00',2,67),
	(2832,'2015-03-07','15:00:00','19:30:00',5,32),
	(2833,'2015-03-07','16:00:00','17:00:00',11,27),
	(2834,'2015-03-07','12:30:00','15:00:00',11,4),
	(2835,'2015-03-07','20:30:00','21:00:00',2,59),
	(2836,'2015-03-07','21:00:00','21:30:00',11,48),
	(2837,'2015-03-07','19:30:00','20:00:00',12,41),
	(2838,'2015-03-07','13:00:00','21:00:00',1,88),
	(2839,'2015-03-07','12:00:00','13:00:00',3,19),
	(2840,'2015-03-08','17:00:00','21:00:00',1,43),
	(2841,'2015-03-08','09:00:00','13:00:00',11,24),
	(2842,'2015-03-08','10:00:00','16:30:00',4,46),
	(2843,'2015-03-08','20:00:00','21:00:00',7,66),
	(2844,'2015-03-08','19:00:00','20:00:00',13,34),
	(2845,'2015-03-08','18:00:00','18:30:00',11,27),
	(2846,'2015-03-08','09:00:00','12:30:00',1,97),
	(2847,'2015-03-08','14:30:00','16:00:00',2,63),
	(2848,'2015-03-08','10:30:00','11:30:00',2,14),
	(2849,'2015-03-08','13:30:00','16:30:00',7,89),
	(2850,'2015-03-08','20:30:00','21:00:00',12,74),
	(2851,'2015-03-08','10:00:00','14:30:00',13,33),
	(2852,'2015-03-08','18:30:00','19:00:00',12,17),
	(2853,'2015-03-08','13:00:00','14:30:00',12,88),
	(2854,'2015-03-08','15:30:00','16:00:00',13,57),
	(2855,'2015-03-08','14:00:00','17:30:00',6,38),
	(2856,'2015-03-08','11:00:00','17:30:00',14,67),
	(2857,'2015-03-08','17:30:00','20:30:00',2,78),
	(2858,'2015-03-09','17:00:00','21:00:00',3,26),
	(2859,'2015-03-09','19:00:00','20:30:00',13,69),
	(2860,'2015-03-09','12:00:00','17:30:00',10,29),
	(2861,'2015-03-09','21:00:00','21:30:00',2,49),
	(2862,'2015-03-09','19:30:00','20:30:00',6,61),
	(2863,'2015-03-09','11:00:00','19:30:00',12,55),
	(2864,'2015-03-09','15:00:00','18:30:00',5,51),
	(2865,'2015-03-09','12:30:00','17:30:00',14,26),
	(2866,'2015-03-09','14:30:00','18:00:00',4,8),
	(2867,'2015-03-09','11:00:00','19:00:00',7,13),
	(2868,'2015-03-09','13:30:00','17:00:00',6,15),
	(2869,'2015-03-09','09:30:00','17:00:00',13,46),
	(2870,'2015-03-09','09:00:00','10:00:00',3,27),
	(2871,'2015-03-09','13:00:00','17:00:00',9,68),
	(2872,'2015-03-09','09:30:00','20:30:00',8,55),
	(2873,'2015-03-09','13:30:00','20:30:00',11,10),
	(2874,'2015-03-09','18:30:00','20:30:00',2,61),
	(2875,'2015-03-09','20:30:00','21:00:00',12,46),
	(2876,'2015-03-09','19:00:00','20:00:00',5,26),
	(2877,'2015-03-10','15:30:00','21:00:00',6,45),
	(2878,'2015-03-10','09:00:00','14:00:00',13,83),
	(2879,'2015-03-10','09:00:00','17:00:00',10,67),
	(2880,'2015-03-10','12:00:00','19:00:00',14,65),
	(2881,'2015-03-10','18:00:00','20:30:00',2,76),
	(2882,'2015-03-10','09:00:00','10:00:00',8,4),
	(2883,'2015-03-10','21:00:00','21:30:00',1,93),
	(2884,'2015-03-10','20:00:00','21:00:00',13,90),
	(2885,'2015-03-10','12:30:00','14:30:00',8,67),
	(2886,'2015-03-10','16:30:00','17:00:00',9,95),
	(2887,'2015-03-10','15:30:00','20:30:00',7,64),
	(2888,'2015-03-10','16:30:00','19:00:00',1,34),
	(2889,'2015-03-10','10:30:00','14:30:00',12,94),
	(2890,'2015-03-10','16:30:00','20:00:00',3,31),
	(2891,'2015-03-10','12:00:00','17:30:00',4,20),
	(2892,'2015-03-10','09:30:00','17:30:00',2,64),
	(2893,'2015-03-10','09:00:00','10:00:00',5,42),
	(2894,'2015-03-10','20:30:00','21:00:00',4,94),
	(2895,'2015-03-12','15:00:00','20:30:00',2,83),
	(2896,'2015-03-12','09:00:00','10:00:00',12,52),
	(2897,'2015-03-12','20:00:00','21:00:00',13,97),
	(2898,'2015-03-12','12:30:00','13:00:00',3,48),
	(2899,'2015-03-12','15:30:00','16:00:00',9,24),
	(2900,'2015-03-12','14:00:00','16:00:00',12,68),
	(2901,'2015-03-12','15:30:00','19:00:00',7,10),
	(2902,'2015-03-12','19:00:00','21:00:00',5,62),
	(2903,'2015-03-12','15:00:00','21:00:00',6,74),
	(2904,'2015-03-12','18:00:00','20:30:00',4,1),
	(2905,'2015-03-12','18:00:00','19:00:00',3,90),
	(2906,'2015-03-12','14:30:00','18:30:00',1,98),
	(2907,'2015-03-12','11:00:00','12:00:00',1,50),
	(2908,'2015-03-12','11:00:00','18:00:00',13,14),
	(2909,'2015-03-12','17:00:00','18:00:00',12,87),
	(2910,'2015-03-13','13:00:00','20:00:00',7,32),
	(2911,'2015-03-13','11:00:00','13:00:00',14,100),
	(2912,'2015-03-13','20:00:00','20:30:00',6,65),
	(2913,'2015-03-13','14:00:00','20:30:00',2,58),
	(2914,'2015-03-13','09:30:00','15:30:00',3,47),
	(2915,'2015-03-13','17:00:00','19:30:00',11,58),
	(2916,'2015-03-13','12:30:00','14:30:00',9,42),
	(2917,'2015-03-13','09:30:00','18:00:00',4,10),
	(2918,'2015-03-13','20:00:00','20:30:00',12,17),
	(2919,'2015-03-13','10:00:00','19:00:00',8,21),
	(2920,'2015-03-13','21:00:00','21:30:00',4,64),
	(2921,'2015-03-13','12:00:00','12:30:00',5,91),
	(2922,'2015-03-13','18:30:00','19:00:00',10,57),
	(2923,'2015-03-13','14:00:00','16:30:00',10,81),
	(2924,'2015-03-13','17:30:00','19:30:00',12,81),
	(2925,'2015-03-13','12:30:00','15:00:00',12,3),
	(2926,'2015-03-14','18:30:00','19:00:00',3,45),
	(2927,'2015-03-14','10:00:00','12:30:00',2,66),
	(2928,'2015-03-14','19:30:00','21:00:00',4,65),
	(2929,'2015-03-14','15:00:00','16:30:00',12,64),
	(2930,'2015-03-14','21:00:00','21:30:00',10,20),
	(2931,'2015-03-14','12:30:00','15:30:00',13,43),
	(2932,'2015-03-14','10:30:00','13:30:00',6,18),
	(2933,'2015-03-14','12:00:00','21:00:00',1,38),
	(2934,'2015-03-14','16:00:00','17:00:00',10,26),
	(2935,'2015-03-14','14:00:00','17:30:00',7,77),
	(2936,'2015-03-14','12:30:00','21:00:00',5,62),
	(2937,'2015-03-14','19:30:00','21:00:00',9,19),
	(2938,'2015-03-14','18:00:00','19:00:00',12,80),
	(2939,'2015-03-14','09:30:00','17:00:00',9,45),
	(2940,'2015-03-14','10:30:00','15:30:00',8,100),
	(2941,'2015-03-14','19:00:00','21:00:00',13,13),
	(2942,'2015-03-14','15:30:00','19:00:00',6,53),
	(2943,'2015-03-14','12:30:00','18:30:00',4,93),
	(2944,'2015-03-15','20:30:00','21:00:00',9,17),
	(2945,'2015-03-15','09:00:00','18:30:00',11,7),
	(2946,'2015-03-15','21:00:00','21:30:00',14,75),
	(2947,'2015-03-15','13:00:00','19:30:00',4,81),
	(2948,'2015-03-15','20:00:00','21:00:00',7,80),
	(2949,'2015-03-15','11:30:00','13:30:00',2,74),
	(2950,'2015-03-15','20:00:00','20:30:00',8,41),
	(2951,'2015-03-15','09:30:00','17:00:00',14,99),
	(2952,'2015-03-15','20:00:00','21:00:00',4,93),
	(2953,'2015-03-15','14:00:00','16:00:00',10,77),
	(2954,'2015-03-15','14:30:00','18:00:00',6,77),
	(2955,'2015-03-15','16:30:00','17:30:00',10,93),
	(2956,'2015-03-15','19:00:00','21:00:00',13,66),
	(2957,'2015-03-15','09:30:00','12:00:00',1,4),
	(2958,'2015-03-15','19:00:00','21:00:00',11,97),
	(2959,'2015-03-15','14:30:00','20:30:00',12,99),
	(2960,'2015-03-16','14:30:00','15:30:00',11,7),
	(2961,'2015-03-16','20:00:00','21:00:00',6,23),
	(2962,'2015-03-16','15:00:00','19:00:00',10,2),
	(2963,'2015-03-16','15:00:00','19:30:00',7,47),
	(2964,'2015-03-16','13:00:00','16:30:00',8,51),
	(2965,'2015-03-16','14:00:00','18:00:00',5,38),
	(2966,'2015-03-16','15:00:00','16:00:00',6,78),
	(2967,'2015-03-16','10:00:00','17:00:00',9,1),
	(2968,'2015-03-16','19:00:00','20:30:00',5,5),
	(2969,'2015-03-16','10:30:00','11:30:00',10,97),
	(2970,'2015-03-16','18:00:00','19:30:00',1,11),
	(2971,'2015-03-16','19:00:00','20:30:00',4,61),
	(2972,'2015-03-16','10:00:00','13:30:00',4,100),
	(2973,'2015-03-16','20:30:00','21:00:00',10,82),
	(2974,'2015-03-16','09:30:00','11:30:00',13,35),
	(2975,'2015-03-16','17:30:00','19:00:00',13,18),
	(2976,'2015-03-16','14:30:00','15:30:00',3,55),
	(2977,'2015-03-17','17:00:00','18:00:00',4,40),
	(2978,'2015-03-17','19:30:00','20:30:00',12,39),
	(2979,'2015-03-17','11:00:00','21:00:00',7,95),
	(2980,'2015-03-17','21:00:00','21:30:00',14,43),
	(2981,'2015-03-17','21:00:00','21:30:00',3,6),
	(2982,'2015-03-17','12:30:00','17:00:00',14,82),
	(2983,'2015-03-17','17:30:00','18:30:00',8,19),
	(2984,'2015-03-17','19:30:00','20:30:00',1,40),
	(2985,'2015-03-17','09:30:00','16:30:00',8,68),
	(2986,'2015-03-17','15:00:00','18:30:00',9,38),
	(2987,'2015-03-17','10:30:00','18:00:00',13,53),
	(2988,'2015-03-17','19:30:00','21:00:00',11,43),
	(2989,'2015-03-17','11:00:00','13:30:00',10,42),
	(2990,'2015-03-17','14:30:00','15:30:00',11,69),
	(2991,'2015-03-17','18:30:00','20:00:00',13,34),
	(2992,'2015-03-17','11:30:00','20:00:00',2,79),
	(2993,'2015-03-19','18:30:00','21:00:00',8,3),
	(2994,'2015-03-19','17:30:00','18:30:00',2,77),
	(2995,'2015-03-19','20:00:00','21:00:00',2,8),
	(2996,'2015-03-19','10:30:00','17:30:00',13,100),
	(2997,'2015-03-19','17:30:00','19:30:00',6,98),
	(2998,'2015-03-19','17:00:00','17:30:00',7,38),
	(2999,'2015-03-19','11:30:00','20:30:00',1,67),
	(3000,'2015-03-19','20:00:00','20:30:00',11,65),
	(3001,'2015-03-19','12:30:00','14:30:00',7,42),
	(3002,'2015-03-19','21:00:00','21:30:00',10,1),
	(3003,'2015-03-19','14:30:00','17:00:00',10,12),
	(3004,'2015-03-19','14:30:00','16:00:00',6,65),
	(3005,'2015-03-19','15:00:00','17:00:00',11,14),
	(3006,'2015-03-19','09:00:00','09:30:00',5,12),
	(3007,'2015-03-20','13:30:00','16:30:00',9,19),
	(3008,'2015-03-20','19:00:00','20:30:00',3,58),
	(3009,'2015-03-20','17:00:00','18:00:00',1,61),
	(3010,'2015-03-20','13:00:00','15:30:00',2,38),
	(3011,'2015-03-20','10:30:00','21:00:00',6,66),
	(3012,'2015-03-20','15:00:00','20:00:00',13,98),
	(3013,'2015-03-20','10:30:00','12:30:00',14,46),
	(3014,'2015-03-20','19:00:00','19:30:00',8,11),
	(3015,'2015-03-20','21:00:00','21:30:00',13,74),
	(3016,'2015-03-20','16:30:00','21:00:00',7,33),
	(3017,'2015-03-20','21:00:00','21:30:00',4,96),
	(3018,'2015-03-20','20:30:00','21:00:00',2,55),
	(3019,'2015-03-20','21:00:00','21:30:00',14,54),
	(3020,'2015-03-20','09:00:00','09:30:00',7,49),
	(3021,'2015-03-20','13:00:00','15:30:00',5,35),
	(3022,'2015-03-20','12:30:00','20:30:00',12,43),
	(3023,'2015-03-20','18:00:00','19:30:00',14,81),
	(3024,'2015-03-21','21:00:00','21:30:00',14,91),
	(3025,'2015-03-21','19:00:00','20:00:00',5,56),
	(3026,'2015-03-21','18:00:00','18:30:00',9,95),
	(3027,'2015-03-21','18:00:00','19:30:00',1,97),
	(3028,'2015-03-21','17:00:00','17:30:00',9,51),
	(3029,'2015-03-21','21:00:00','21:30:00',6,33),
	(3030,'2015-03-21','11:00:00','14:00:00',3,30),
	(3031,'2015-03-21','16:30:00','17:30:00',7,12),
	(3032,'2015-03-21','18:00:00','20:30:00',7,93),
	(3033,'2015-03-21','10:00:00','20:00:00',12,47),
	(3034,'2015-03-21','09:00:00','16:00:00',10,64),
	(3035,'2015-03-21','14:30:00','15:00:00',9,63),
	(3036,'2015-03-21','19:30:00','20:00:00',11,42),
	(3037,'2015-03-21','21:00:00','21:30:00',5,57),
	(3038,'2015-03-21','13:30:00','17:00:00',2,26),
	(3039,'2015-03-21','12:30:00','13:00:00',14,74),
	(3040,'2015-03-21','14:00:00','17:00:00',4,64),
	(3041,'2015-03-22','09:30:00','21:00:00',13,43),
	(3042,'2015-03-22','15:30:00','19:30:00',5,46),
	(3043,'2015-03-22','12:30:00','19:30:00',10,7),
	(3044,'2015-03-22','11:30:00','18:00:00',4,99),
	(3045,'2015-03-22','13:30:00','21:00:00',11,88),
	(3046,'2015-03-22','18:00:00','21:00:00',2,14),
	(3047,'2015-03-22','15:30:00','18:00:00',9,56),
	(3048,'2015-03-22','17:30:00','21:00:00',3,26),
	(3049,'2015-03-22','21:00:00','21:30:00',4,10),
	(3050,'2015-03-22','18:30:00','19:00:00',1,97),
	(3051,'2015-03-22','20:00:00','20:30:00',9,92),
	(3052,'2015-03-22','10:00:00','11:00:00',10,75),
	(3053,'2015-03-22','14:00:00','16:30:00',12,27),
	(3054,'2015-03-22','12:00:00','19:00:00',14,70),
	(3055,'2015-03-22','20:00:00','20:30:00',10,94),
	(3056,'2015-03-23','20:00:00','21:00:00',13,21),
	(3057,'2015-03-23','09:30:00','14:30:00',4,77),
	(3058,'2015-03-23','13:00:00','16:30:00',6,38),
	(3059,'2015-03-23','10:30:00','11:00:00',6,81),
	(3060,'2015-03-23','12:30:00','18:00:00',1,70),
	(3061,'2015-03-23','18:30:00','19:30:00',1,16),
	(3062,'2015-03-23','12:30:00','20:00:00',3,43),
	(3063,'2015-03-23','16:30:00','19:30:00',10,7),
	(3064,'2015-03-23','10:30:00','16:00:00',7,69),
	(3065,'2015-03-23','10:30:00','15:00:00',14,69),
	(3066,'2015-03-23','17:30:00','19:00:00',5,26),
	(3067,'2015-03-23','09:00:00','13:00:00',2,2),
	(3068,'2015-03-23','12:30:00','14:00:00',9,73),
	(3069,'2015-03-23','17:30:00','19:30:00',13,29),
	(3070,'2015-03-23','19:00:00','19:30:00',8,16),
	(3071,'2015-03-24','14:00:00','20:30:00',11,48),
	(3072,'2015-03-24','20:00:00','21:00:00',12,86),
	(3073,'2015-03-24','21:00:00','21:30:00',3,14),
	(3074,'2015-03-24','20:30:00','21:00:00',7,88),
	(3075,'2015-03-24','09:30:00','18:00:00',1,48),
	(3076,'2015-03-24','12:00:00','18:00:00',2,76),
	(3077,'2015-03-24','11:00:00','17:30:00',3,100),
	(3078,'2015-03-24','19:00:00','19:30:00',12,35),
	(3079,'2015-03-24','20:00:00','20:30:00',14,27),
	(3080,'2015-03-24','18:00:00','19:00:00',10,52),
	(3081,'2015-03-24','15:30:00','20:00:00',7,62),
	(3082,'2015-03-24','15:00:00','19:00:00',13,48),
	(3083,'2015-03-24','12:30:00','18:30:00',8,31),
	(3084,'2015-03-24','10:00:00','17:00:00',14,95),
	(3085,'2015-03-26','17:30:00','21:00:00',4,23),
	(3086,'2015-03-26','12:00:00','17:00:00',10,86),
	(3087,'2015-03-26','17:00:00','19:30:00',14,94),
	(3088,'2015-03-26','09:30:00','16:00:00',1,77),
	(3089,'2015-03-26','17:30:00','21:00:00',10,69),
	(3090,'2015-03-26','19:30:00','21:00:00',8,57),
	(3091,'2015-03-26','15:30:00','20:00:00',12,78),
	(3092,'2015-03-26','14:30:00','19:30:00',2,100),
	(3093,'2015-03-26','14:30:00','20:00:00',3,32),
	(3094,'2015-03-26','11:00:00','20:00:00',11,35),
	(3095,'2015-03-26','17:00:00','18:00:00',1,52),
	(3096,'2015-03-26','17:30:00','20:00:00',13,34),
	(3097,'2015-03-26','11:30:00','16:30:00',13,26),
	(3098,'2015-03-26','14:30:00','15:00:00',6,42),
	(3099,'2015-03-26','14:30:00','18:00:00',9,22),
	(3100,'2015-03-26','17:30:00','21:00:00',7,5),
	(3101,'2015-03-27','18:30:00','20:30:00',7,62),
	(3102,'2015-03-27','09:00:00','15:30:00',6,11),
	(3103,'2015-03-27','17:30:00','18:30:00',3,61),
	(3104,'2015-03-27','14:30:00','18:00:00',8,68),
	(3105,'2015-03-27','20:00:00','20:30:00',6,100),
	(3106,'2015-03-27','12:30:00','18:00:00',12,78),
	(3107,'2015-03-27','21:00:00','21:30:00',12,55),
	(3108,'2015-03-27','19:30:00','20:00:00',9,76),
	(3109,'2015-03-27','17:30:00','19:00:00',10,11),
	(3110,'2015-03-27','14:00:00','19:00:00',13,82),
	(3111,'2015-03-27','11:30:00','16:30:00',2,41),
	(3112,'2015-03-27','09:00:00','12:30:00',14,70),
	(3113,'2015-03-27','21:00:00','21:30:00',13,63),
	(3114,'2015-03-27','20:30:00','21:00:00',5,52),
	(3115,'2015-03-27','14:30:00','17:00:00',10,22),
	(3116,'2015-03-27','09:00:00','12:30:00',1,22),
	(3117,'2015-03-28','20:00:00','20:30:00',3,67),
	(3118,'2015-03-28','20:00:00','21:00:00',7,40),
	(3119,'2015-03-28','12:00:00','15:00:00',14,48),
	(3120,'2015-03-28','20:30:00','21:00:00',10,93),
	(3121,'2015-03-28','15:00:00','20:00:00',2,3),
	(3122,'2015-03-28','15:30:00','18:00:00',12,14),
	(3123,'2015-03-28','16:30:00','17:30:00',8,38),
	(3124,'2015-03-28','11:30:00','12:00:00',2,69),
	(3125,'2015-03-28','17:30:00','18:00:00',14,61),
	(3126,'2015-03-28','14:00:00','15:00:00',5,95),
	(3127,'2015-03-28','10:30:00','12:30:00',9,52),
	(3128,'2015-03-28','20:30:00','21:00:00',8,32),
	(3129,'2015-03-28','09:30:00','17:30:00',4,9),
	(3130,'2015-03-28','18:00:00','20:30:00',6,39),
	(3131,'2015-03-28','19:30:00','21:00:00',4,36),
	(3132,'2015-03-29','12:30:00','18:00:00',3,51),
	(3133,'2015-03-29','17:00:00','20:30:00',12,31),
	(3134,'2015-03-29','13:00:00','20:30:00',13,78),
	(3135,'2015-03-29','17:30:00','18:30:00',8,83),
	(3136,'2015-03-29','16:00:00','18:00:00',4,64),
	(3137,'2015-03-29','12:30:00','16:00:00',5,9),
	(3138,'2015-03-29','18:00:00','19:30:00',1,37),
	(3139,'2015-03-29','20:30:00','21:00:00',9,22),
	(3140,'2015-03-29','14:30:00','16:00:00',2,92),
	(3141,'2015-03-29','10:00:00','14:00:00',9,29),
	(3142,'2015-03-29','12:00:00','14:30:00',8,82),
	(3143,'2015-03-29','17:00:00','21:00:00',6,84),
	(3144,'2015-03-29','09:30:00','17:30:00',11,75),
	(3145,'2015-03-30','10:30:00','19:00:00',5,65),
	(3146,'2015-03-30','17:30:00','20:30:00',7,76),
	(3147,'2015-03-30','14:30:00','20:00:00',12,56),
	(3148,'2015-03-30','20:30:00','21:00:00',12,2),
	(3149,'2015-03-30','14:00:00','17:00:00',9,8),
	(3150,'2015-03-30','20:00:00','20:30:00',9,71),
	(3151,'2015-03-30','21:00:00','21:30:00',2,77),
	(3152,'2015-03-30','12:00:00','16:00:00',14,46),
	(3153,'2015-03-30','11:00:00','13:30:00',10,44),
	(3154,'2015-03-30','21:00:00','21:30:00',1,49),
	(3155,'2015-03-30','10:30:00','16:30:00',2,40),
	(3156,'2015-03-30','10:30:00','15:00:00',8,93),
	(3157,'2015-03-30','19:00:00','19:30:00',11,19),
	(3158,'2015-03-31','20:00:00','20:30:00',6,24),
	(3159,'2015-03-31','09:30:00','14:00:00',7,64),
	(3160,'2015-03-31','19:00:00','20:30:00',1,69),
	(3161,'2015-03-31','09:30:00','14:00:00',1,3),
	(3162,'2015-03-31','19:00:00','19:30:00',6,18),
	(3163,'2015-03-31','15:00:00','17:00:00',13,49),
	(3164,'2015-03-31','11:00:00','11:30:00',3,73),
	(3165,'2015-03-31','11:30:00','16:00:00',2,43),
	(3166,'2015-03-31','18:30:00','20:30:00',12,47),
	(3167,'2015-03-31','09:30:00','11:00:00',13,34),
	(3168,'2015-03-31','17:30:00','18:00:00',11,92),
	(3169,'2015-03-31','13:30:00','21:00:00',4,81),
	(3170,'2015-04-02','16:00:00','19:00:00',2,24),
	(3171,'2015-04-02','16:00:00','18:00:00',1,59),
	(3172,'2015-04-02','14:30:00','17:00:00',13,69),
	(3173,'2015-04-02','11:00:00','18:30:00',8,1),
	(3174,'2015-04-02','15:00:00','21:00:00',5,46),
	(3175,'2015-04-02','10:30:00','15:30:00',11,28),
	(3176,'2015-04-02','21:00:00','21:30:00',6,82),
	(3177,'2015-04-02','20:30:00','21:00:00',8,49),
	(3178,'2015-04-02','14:00:00','16:00:00',9,63),
	(3179,'2015-04-02','13:30:00','19:00:00',12,7),
	(3180,'2015-04-02','16:30:00','19:00:00',11,15),
	(3181,'2015-04-02','21:00:00','21:30:00',14,49),
	(3182,'2015-04-02','20:30:00','21:00:00',12,33),
	(3183,'2015-04-02','11:30:00','19:30:00',3,6),
	(3184,'2015-04-02','19:30:00','20:30:00',2,2),
	(3185,'2015-04-03','13:30:00','18:00:00',4,19),
	(3186,'2015-04-03','19:00:00','20:00:00',10,40),
	(3187,'2015-04-03','13:30:00','17:00:00',6,14),
	(3188,'2015-04-03','10:00:00','21:00:00',12,9),
	(3189,'2015-04-03','17:00:00','19:00:00',8,2),
	(3190,'2015-04-03','14:30:00','16:00:00',14,76),
	(3191,'2015-04-03','13:30:00','20:30:00',13,84),
	(3192,'2015-04-03','20:30:00','21:00:00',5,22),
	(3193,'2015-04-03','15:00:00','17:30:00',5,59),
	(3194,'2015-04-03','19:30:00','21:00:00',4,96),
	(3195,'2015-04-03','14:30:00','15:30:00',8,63),
	(3196,'2015-04-03','09:30:00','18:00:00',11,34),
	(3197,'2015-04-03','10:00:00','14:00:00',8,26),
	(3198,'2015-04-04','09:00:00','15:30:00',14,97),
	(3199,'2015-04-04','13:00:00','20:00:00',4,88),
	(3200,'2015-04-04','09:30:00','12:00:00',7,78),
	(3201,'2015-04-04','18:30:00','19:00:00',11,35),
	(3202,'2015-04-04','09:00:00','16:00:00',2,21),
	(3203,'2015-04-04','11:30:00','19:00:00',13,19),
	(3204,'2015-04-04','09:30:00','20:30:00',6,1),
	(3205,'2015-04-04','11:00:00','16:30:00',3,99),
	(3206,'2015-04-04','15:30:00','19:30:00',8,74),
	(3207,'2015-04-04','18:30:00','20:00:00',14,19),
	(3208,'2015-04-04','21:00:00','21:30:00',1,16),
	(3209,'2015-04-04','20:30:00','21:00:00',4,72),
	(3210,'2015-04-04','10:30:00','15:00:00',12,78),
	(3211,'2015-04-04','12:00:00','14:00:00',1,59),
	(3212,'2015-04-05','18:30:00','21:00:00',14,61),
	(3213,'2015-04-05','10:30:00','17:30:00',7,7),
	(3214,'2015-04-05','10:00:00','10:30:00',4,71),
	(3215,'2015-04-05','19:30:00','20:00:00',2,86),
	(3216,'2015-04-05','16:30:00','17:00:00',12,7),
	(3217,'2015-04-05','17:30:00','19:00:00',2,97),
	(3218,'2015-04-05','10:00:00','19:00:00',5,36),
	(3219,'2015-04-05','13:30:00','16:30:00',2,95),
	(3220,'2015-04-05','13:30:00','18:00:00',8,7),
	(3221,'2015-04-05','11:00:00','12:30:00',4,98),
	(3222,'2015-04-05','10:30:00','18:00:00',1,52),
	(3223,'2015-04-05','19:30:00','20:30:00',8,14),
	(3224,'2015-04-05','15:30:00','17:30:00',9,20),
	(3225,'2015-04-05','20:30:00','21:00:00',5,57),
	(3226,'2015-04-06','16:30:00','20:30:00',11,64),
	(3227,'2015-04-06','19:00:00','21:00:00',8,92),
	(3228,'2015-04-06','14:00:00','21:00:00',12,39),
	(3229,'2015-04-06','09:30:00','20:00:00',4,16),
	(3230,'2015-04-06','11:30:00','14:00:00',8,80),
	(3231,'2015-04-06','14:00:00','17:30:00',14,58),
	(3232,'2015-04-06','12:00:00','20:30:00',10,48),
	(3233,'2015-04-06','19:30:00','21:00:00',13,48),
	(3234,'2015-04-06','18:00:00','20:00:00',14,20),
	(3235,'2015-04-06','19:30:00','21:00:00',5,46),
	(3236,'2015-04-06','09:30:00','12:00:00',9,8),
	(3237,'2015-04-06','14:30:00','20:00:00',9,86),
	(3238,'2015-04-06','10:30:00','19:30:00',6,54),
	(3239,'2015-04-07','09:00:00','10:30:00',13,59),
	(3240,'2015-04-07','16:00:00','19:00:00',3,61),
	(3241,'2015-04-07','17:30:00','19:30:00',10,7),
	(3242,'2015-04-07','09:00:00','13:30:00',1,10),
	(3243,'2015-04-07','17:00:00','21:00:00',13,11),
	(3244,'2015-04-07','21:00:00','21:30:00',11,33),
	(3245,'2015-04-07','16:00:00','21:00:00',6,91),
	(3246,'2015-04-07','14:30:00','17:00:00',7,17),
	(3247,'2015-04-07','14:00:00','19:30:00',14,33),
	(3248,'2015-04-07','15:00:00','17:00:00',8,63),
	(3249,'2015-04-07','16:30:00','20:00:00',4,58),
	(3250,'2015-04-07','16:30:00','20:00:00',9,14),
	(3251,'2015-04-07','14:00:00','17:30:00',1,35),
	(3252,'2015-04-09','14:00:00','20:00:00',9,58),
	(3253,'2015-04-09','21:00:00','21:30:00',3,53),
	(3254,'2015-04-09','15:30:00','16:00:00',3,43),
	(3255,'2015-04-09','15:30:00','16:00:00',2,89),
	(3256,'2015-04-09','12:30:00','17:00:00',7,80),
	(3257,'2015-04-09','09:30:00','13:00:00',5,22),
	(3258,'2015-04-09','12:00:00','17:00:00',4,93),
	(3259,'2015-04-09','10:00:00','15:00:00',10,44),
	(3260,'2015-04-09','14:30:00','20:30:00',1,80),
	(3261,'2015-04-09','19:00:00','20:00:00',13,96),
	(3262,'2015-04-09','17:30:00','18:30:00',14,23),
	(3263,'2015-04-09','17:30:00','18:30:00',12,24),
	(3264,'2015-04-10','17:00:00','19:00:00',8,7),
	(3265,'2015-04-10','12:00:00','13:00:00',14,43),
	(3266,'2015-04-10','11:30:00','18:00:00',2,13),
	(3267,'2015-04-10','12:30:00','16:00:00',12,26),
	(3268,'2015-04-10','10:00:00','16:30:00',8,66),
	(3269,'2015-04-10','15:30:00','19:00:00',10,23),
	(3270,'2015-04-10','18:30:00','19:00:00',13,43),
	(3271,'2015-04-10','18:00:00','20:00:00',14,64),
	(3272,'2015-04-10','17:00:00','17:30:00',13,94),
	(3273,'2015-04-10','14:30:00','16:30:00',9,82),
	(3274,'2015-04-10','19:00:00','20:00:00',6,11),
	(3275,'2015-04-10','18:30:00','19:30:00',7,7),
	(3276,'2015-04-10','14:30:00','17:00:00',14,44),
	(3277,'2015-04-11','12:00:00','17:00:00',11,47),
	(3278,'2015-04-11','16:30:00','20:30:00',14,77),
	(3279,'2015-04-11','20:30:00','21:00:00',7,48),
	(3280,'2015-04-11','12:30:00','16:30:00',8,20),
	(3281,'2015-04-11','15:00:00','19:30:00',3,37),
	(3282,'2015-04-11','12:00:00','16:00:00',9,4),
	(3283,'2015-04-11','19:30:00','21:00:00',2,26),
	(3284,'2015-04-11','16:00:00','19:30:00',7,4),
	(3285,'2015-04-11','15:30:00','17:30:00',1,9),
	(3286,'2015-04-11','10:00:00','21:00:00',10,11),
	(3287,'2015-04-11','17:00:00','17:30:00',9,25),
	(3288,'2015-04-11','11:30:00','14:00:00',1,8),
	(3289,'2015-04-11','16:30:00','20:00:00',12,99),
	(3290,'2015-04-12','15:00:00','17:00:00',2,49),
	(3291,'2015-04-12','14:00:00','17:30:00',11,63),
	(3292,'2015-04-12','15:30:00','19:30:00',7,85),
	(3293,'2015-04-12','18:00:00','19:30:00',13,7),
	(3294,'2015-04-12','10:00:00','12:00:00',5,94),
	(3295,'2015-04-12','12:00:00','21:00:00',1,94),
	(3296,'2015-04-12','20:30:00','21:00:00',7,41),
	(3297,'2015-04-12','13:00:00','14:30:00',12,26),
	(3298,'2015-04-12','19:00:00','19:30:00',8,34),
	(3299,'2015-04-12','16:00:00','18:30:00',4,45),
	(3300,'2015-04-12','19:30:00','20:30:00',12,44),
	(3301,'2015-04-12','21:00:00','21:30:00',11,92),
	(3302,'2015-04-13','12:00:00','15:00:00',10,89),
	(3303,'2015-04-13','18:30:00','19:00:00',11,90),
	(3304,'2015-04-13','09:30:00','12:00:00',14,94),
	(3305,'2015-04-13','19:30:00','20:30:00',7,82),
	(3306,'2015-04-13','18:30:00','20:30:00',9,80),
	(3307,'2015-04-13','19:30:00','20:00:00',10,38),
	(3308,'2015-04-13','10:30:00','15:30:00',5,62),
	(3309,'2015-04-13','13:00:00','16:30:00',9,63),
	(3310,'2015-04-13','16:30:00','17:30:00',10,23),
	(3311,'2015-04-13','13:00:00','14:30:00',3,68),
	(3312,'2015-04-13','17:00:00','18:30:00',12,60),
	(3313,'2015-04-13','18:30:00','19:30:00',2,17),
	(3314,'2015-04-14','18:30:00','20:30:00',5,31),
	(3315,'2015-04-14','21:00:00','21:30:00',2,94),
	(3316,'2015-04-14','09:00:00','17:00:00',3,48),
	(3317,'2015-04-14','12:30:00','18:30:00',12,70),
	(3318,'2015-04-14','13:00:00','13:30:00',11,89),
	(3319,'2015-04-14','21:00:00','21:30:00',5,44),
	(3320,'2015-04-14','14:00:00','16:00:00',9,12),
	(3321,'2015-04-14','14:00:00','16:00:00',4,25),
	(3322,'2015-04-14','20:30:00','21:00:00',13,53),
	(3323,'2015-04-14','13:00:00','17:00:00',5,4),
	(3324,'2015-04-14','10:00:00','16:00:00',6,49),
	(3325,'2015-04-14','11:00:00','13:00:00',8,21),
	(3326,'2015-04-16','12:30:00','14:30:00',11,92),
	(3327,'2015-04-16','15:30:00','17:30:00',10,98),
	(3328,'2015-04-16','21:00:00','21:30:00',4,89),
	(3329,'2015-04-16','16:30:00','20:30:00',3,77),
	(3330,'2015-04-16','18:00:00','18:30:00',11,61),
	(3331,'2015-04-16','14:00:00','19:00:00',13,29),
	(3332,'2015-04-16','10:00:00','15:30:00',5,8),
	(3333,'2015-04-16','15:00:00','17:00:00',1,100),
	(3334,'2015-04-16','13:30:00','18:00:00',14,87),
	(3335,'2015-04-16','18:00:00','20:30:00',2,94),
	(3336,'2015-04-17','11:30:00','12:00:00',10,56),
	(3337,'2015-04-17','10:00:00','20:00:00',6,70),
	(3338,'2015-04-17','12:30:00','21:00:00',9,90),
	(3339,'2015-04-17','20:30:00','21:00:00',13,31),
	(3340,'2015-04-17','16:30:00','21:00:00',3,29),
	(3341,'2015-04-17','19:00:00','20:00:00',7,63),
	(3342,'2015-04-17','13:30:00','19:30:00',2,18),
	(3343,'2015-04-17','18:00:00','19:00:00',14,56),
	(3344,'2015-04-17','13:00:00','14:00:00',7,65),
	(3345,'2015-04-17','21:00:00','21:30:00',5,85),
	(3346,'2015-04-17','12:30:00','19:00:00',4,93),
	(3347,'2015-04-18','11:30:00','13:30:00',3,30),
	(3348,'2015-04-18','14:30:00','18:00:00',11,100),
	(3349,'2015-04-18','10:30:00','15:30:00',13,10),
	(3350,'2015-04-18','16:30:00','17:30:00',14,64),
	(3351,'2015-04-18','18:30:00','20:00:00',13,28),
	(3352,'2015-04-18','11:30:00','18:30:00',8,87),
	(3353,'2015-04-18','16:00:00','17:00:00',5,86),
	(3354,'2015-04-18','10:00:00','11:30:00',5,97),
	(3355,'2015-04-18','20:00:00','21:00:00',8,81),
	(3356,'2015-04-18','09:00:00','18:30:00',4,42),
	(3357,'2015-04-18','15:00:00','17:00:00',1,79),
	(3358,'2015-04-18','18:30:00','19:30:00',1,83),
	(3359,'2015-04-19','12:30:00','19:30:00',11,35),
	(3360,'2015-04-19','12:00:00','14:30:00',12,70),
	(3361,'2015-04-19','09:00:00','12:00:00',7,63),
	(3362,'2015-04-19','18:00:00','19:00:00',7,49),
	(3363,'2015-04-19','16:00:00','20:00:00',13,99),
	(3364,'2015-04-19','15:00:00','15:30:00',3,30),
	(3365,'2015-04-19','13:30:00','20:00:00',10,91),
	(3366,'2015-04-19','17:00:00','21:00:00',14,28),
	(3367,'2015-04-19','18:30:00','20:30:00',1,74),
	(3368,'2015-04-19','17:00:00','19:30:00',6,36),
	(3369,'2015-04-19','17:30:00','20:30:00',4,90),
	(3370,'2015-04-19','20:00:00','20:30:00',5,20),
	(3371,'2015-04-20','10:00:00','21:00:00',1,89),
	(3372,'2015-04-20','12:00:00','19:30:00',13,83),
	(3373,'2015-04-20','16:00:00','20:30:00',14,72),
	(3374,'2015-04-20','18:00:00','20:00:00',4,67),
	(3375,'2015-04-20','20:30:00','21:00:00',12,97),
	(3376,'2015-04-20','13:00:00','16:30:00',11,76),
	(3377,'2015-04-20','16:00:00','16:30:00',10,1),
	(3378,'2015-04-20','09:00:00','20:00:00',5,73),
	(3379,'2015-04-20','14:00:00','20:30:00',3,28),
	(3380,'2015-04-20','15:00:00','21:00:00',7,46),
	(3381,'2015-04-21','14:00:00','16:00:00',10,98),
	(3382,'2015-04-21','16:00:00','20:30:00',14,1),
	(3383,'2015-04-21','16:00:00','20:00:00',9,54),
	(3384,'2015-04-21','18:30:00','19:30:00',10,65),
	(3385,'2015-04-21','20:30:00','21:00:00',7,39),
	(3386,'2015-04-21','10:00:00','17:30:00',1,90),
	(3387,'2015-04-21','20:30:00','21:00:00',13,50),
	(3388,'2015-04-21','11:00:00','19:30:00',11,60),
	(3389,'2015-04-21','17:00:00','19:30:00',4,72),
	(3390,'2015-04-23','19:30:00','20:00:00',7,46),
	(3391,'2015-04-23','19:00:00','20:00:00',3,44),
	(3392,'2015-04-23','19:30:00','20:30:00',11,86),
	(3393,'2015-04-23','15:30:00','20:00:00',1,84),
	(3394,'2015-04-23','17:00:00','18:30:00',8,99),
	(3395,'2015-04-23','12:30:00','14:00:00',13,40),
	(3396,'2015-04-23','20:30:00','21:00:00',9,52),
	(3397,'2015-04-23','12:30:00','20:30:00',2,89),
	(3398,'2015-04-23','09:00:00','13:30:00',12,62),
	(3399,'2015-04-24','09:30:00','10:30:00',9,59),
	(3400,'2015-04-24','20:00:00','20:30:00',10,16),
	(3401,'2015-04-24','11:00:00','13:00:00',8,37),
	(3402,'2015-04-24','11:00:00','20:30:00',5,87),
	(3403,'2015-04-24','12:30:00','20:30:00',3,64),
	(3404,'2015-04-24','13:30:00','14:30:00',6,88),
	(3405,'2015-04-24','10:30:00','15:30:00',1,3),
	(3406,'2015-04-24','19:00:00','19:30:00',14,73),
	(3407,'2015-04-24','13:30:00','14:30:00',8,54),
	(3408,'2015-04-24','21:00:00','21:30:00',5,93),
	(3409,'2015-04-24','11:00:00','13:30:00',7,65),
	(3410,'2015-04-25','12:00:00','18:00:00',1,93),
	(3411,'2015-04-25','19:30:00','20:00:00',14,41),
	(3412,'2015-04-25','20:30:00','21:00:00',6,6),
	(3413,'2015-04-25','19:30:00','20:00:00',1,22),
	(3414,'2015-04-25','19:00:00','19:30:00',13,42),
	(3415,'2015-04-25','18:00:00','21:00:00',2,90),
	(3416,'2015-04-25','14:00:00','15:30:00',4,15),
	(3417,'2015-04-25','11:30:00','17:00:00',3,22),
	(3418,'2015-04-25','21:00:00','21:30:00',11,7),
	(3419,'2015-04-26','20:30:00','21:00:00',2,58),
	(3420,'2015-04-26','11:00:00','18:00:00',14,97),
	(3421,'2015-04-26','20:00:00','20:30:00',1,36),
	(3422,'2015-04-26','11:30:00','18:00:00',11,30),
	(3423,'2015-04-26','09:30:00','14:30:00',12,49),
	(3424,'2015-04-26','17:00:00','20:00:00',6,84),
	(3425,'2015-04-26','17:30:00','19:30:00',10,5),
	(3426,'2015-04-26','14:00:00','18:30:00',9,82),
	(3427,'2015-04-26','12:30:00','19:30:00',4,52),
	(3428,'2015-04-26','15:00:00','18:30:00',5,84),
	(3429,'2015-04-26','16:30:00','20:30:00',7,64),
	(3430,'2015-04-27','20:00:00','21:00:00',7,23),
	(3431,'2015-04-27','13:00:00','18:00:00',5,54),
	(3432,'2015-04-27','09:30:00','17:00:00',1,73),
	(3433,'2015-04-27','11:30:00','21:00:00',10,66),
	(3434,'2015-04-27','21:00:00','21:30:00',12,80),
	(3435,'2015-04-27','18:00:00','19:00:00',8,43),
	(3436,'2015-04-27','19:30:00','21:00:00',11,30),
	(3437,'2015-04-27','14:00:00','18:00:00',11,27),
	(3438,'2015-04-27','10:00:00','19:00:00',3,11),
	(3439,'2015-04-27','14:00:00','20:00:00',14,17),
	(3440,'2015-04-27','16:30:00','20:30:00',12,32),
	(3441,'2015-04-28','21:00:00','21:30:00',6,78),
	(3442,'2015-04-28','12:30:00','18:00:00',8,9),
	(3443,'2015-04-28','09:00:00','17:00:00',13,38),
	(3444,'2015-04-28','20:30:00','21:00:00',7,30),
	(3445,'2015-04-28','14:00:00','14:30:00',3,55),
	(3446,'2015-04-28','11:00:00','18:00:00',1,64),
	(3447,'2015-04-28','19:30:00','20:30:00',10,63),
	(3448,'2015-04-28','20:30:00','21:00:00',13,46),
	(3449,'2015-04-28','21:00:00','21:30:00',5,26),
	(3450,'2015-04-28','19:00:00','20:00:00',12,83),
	(3451,'2015-04-28','21:00:00','21:30:00',14,74),
	(3452,'2015-04-30','13:30:00','19:30:00',14,10),
	(3453,'2015-04-30','20:30:00','21:00:00',9,64),
	(3454,'2015-04-30','12:00:00','16:30:00',13,21),
	(3455,'2015-04-30','10:30:00','12:00:00',9,36),
	(3456,'2015-04-30','09:00:00','13:00:00',5,84),
	(3457,'2015-04-30','16:30:00','19:30:00',7,64),
	(3458,'2015-04-30','15:00:00','19:00:00',4,64),
	(3459,'2015-04-30','18:00:00','19:30:00',10,93),
	(3460,'2015-05-01','15:30:00','17:30:00',1,93),
	(3461,'2015-05-01','15:00:00','20:00:00',9,21),
	(3462,'2015-05-01','11:00:00','19:30:00',8,68),
	(3463,'2015-05-01','17:00:00','21:00:00',5,13),
	(3464,'2015-05-01','16:30:00','19:30:00',4,83),
	(3465,'2015-05-01','11:30:00','12:30:00',3,83),
	(3466,'2015-05-01','13:00:00','19:30:00',10,93),
	(3467,'2015-05-01','20:00:00','20:30:00',6,33),
	(3468,'2015-05-01','10:00:00','16:00:00',4,6),
	(3469,'2015-05-01','13:00:00','19:00:00',14,80),
	(3470,'2015-05-02','20:00:00','20:30:00',7,32),
	(3471,'2015-05-02','10:30:00','16:30:00',3,69),
	(3472,'2015-05-02','19:00:00','19:30:00',6,91),
	(3473,'2015-05-02','16:30:00','17:30:00',13,35),
	(3474,'2015-05-02','15:00:00','20:00:00',1,99),
	(3475,'2015-05-02','19:00:00','20:00:00',8,38),
	(3476,'2015-05-02','09:30:00','14:00:00',14,24),
	(3477,'2015-05-02','17:00:00','19:30:00',12,46),
	(3478,'2015-05-02','10:00:00','12:00:00',7,1),
	(3479,'2015-05-02','09:00:00','15:30:00',12,67),
	(3480,'2015-05-03','16:00:00','17:30:00',11,39),
	(3481,'2015-05-03','16:00:00','17:30:00',5,26),
	(3482,'2015-05-03','12:00:00','15:00:00',8,16),
	(3483,'2015-05-03','17:00:00','20:00:00',1,59),
	(3484,'2015-05-03','20:30:00','21:00:00',7,73),
	(3485,'2015-05-03','09:00:00','15:30:00',3,59),
	(3486,'2015-05-03','15:30:00','16:00:00',1,18),
	(3487,'2015-05-03','18:00:00','21:00:00',5,85),
	(3488,'2015-05-03','11:30:00','14:00:00',12,6),
	(3489,'2015-05-03','16:30:00','18:00:00',4,28),
	(3490,'2015-05-03','21:00:00','21:30:00',13,32),
	(3491,'2015-05-04','09:00:00','14:00:00',8,46),
	(3492,'2015-05-04','21:00:00','21:30:00',1,10),
	(3493,'2015-05-04','18:30:00','19:00:00',11,80),
	(3494,'2015-05-04','09:00:00','10:30:00',4,1),
	(3495,'2015-05-04','10:30:00','19:30:00',7,75),
	(3496,'2015-05-04','21:00:00','21:30:00',4,8),
	(3497,'2015-05-04','18:30:00','19:30:00',9,28),
	(3498,'2015-05-04','17:00:00','18:00:00',10,7),
	(3499,'2015-05-04','10:30:00','14:30:00',14,63),
	(3500,'2015-05-05','14:00:00','19:00:00',8,55),
	(3501,'2015-05-05','15:30:00','16:30:00',1,52),
	(3502,'2015-05-05','11:30:00','19:30:00',9,79),
	(3503,'2015-05-05','09:30:00','14:30:00',4,25),
	(3504,'2015-05-05','09:30:00','10:30:00',7,11),
	(3505,'2015-05-05','14:00:00','19:00:00',14,5),
	(3506,'2015-05-05','19:00:00','20:30:00',1,98),
	(3507,'2015-05-05','13:00:00','19:30:00',6,65),
	(3508,'2015-05-05','11:00:00','20:00:00',10,67),
	(3509,'2015-05-07','17:00:00','17:30:00',12,95),
	(3510,'2015-05-07','16:30:00','21:00:00',11,89),
	(3511,'2015-05-07','14:30:00','19:00:00',7,38),
	(3512,'2015-05-07','11:00:00','19:30:00',4,15),
	(3513,'2015-05-07','09:00:00','10:30:00',10,51),
	(3514,'2015-05-07','15:30:00','19:30:00',3,57),
	(3515,'2015-05-07','13:00:00','16:30:00',1,72),
	(3516,'2015-05-07','17:00:00','20:00:00',2,78),
	(3517,'2015-05-07','13:30:00','15:00:00',8,59),
	(3518,'2015-05-08','18:00:00','20:30:00',10,72),
	(3519,'2015-05-08','21:00:00','21:30:00',10,20),
	(3520,'2015-05-08','21:00:00','21:30:00',6,2),
	(3521,'2015-05-08','10:00:00','10:30:00',11,81),
	(3522,'2015-05-08','20:00:00','21:00:00',9,44),
	(3523,'2015-05-08','17:00:00','19:30:00',12,1),
	(3524,'2015-05-08','10:30:00','16:30:00',13,75),
	(3525,'2015-05-08','20:30:00','21:00:00',13,55),
	(3526,'2015-05-08','10:30:00','16:30:00',4,7),
	(3527,'2015-05-08','16:00:00','20:30:00',7,5),
	(3528,'2015-05-09','14:30:00','15:30:00',1,39),
	(3529,'2015-05-09','10:00:00','12:00:00',10,18),
	(3530,'2015-05-09','20:30:00','21:00:00',6,100),
	(3531,'2015-05-09','16:30:00','20:30:00',13,32),
	(3532,'2015-05-09','14:00:00','15:30:00',3,63),
	(3533,'2015-05-09','18:00:00','19:00:00',4,32),
	(3534,'2015-05-09','16:30:00','18:30:00',2,99),
	(3535,'2015-05-09','14:30:00','17:00:00',8,13),
	(3536,'2015-05-09','15:30:00','17:30:00',7,20),
	(3537,'2015-05-10','11:00:00','20:00:00',1,96),
	(3538,'2015-05-10','11:00:00','20:00:00',6,48),
	(3539,'2015-05-10','15:00:00','19:00:00',12,10),
	(3540,'2015-05-10','21:00:00','21:30:00',8,20),
	(3541,'2015-05-10','12:00:00','16:30:00',9,17),
	(3542,'2015-05-10','13:30:00','18:00:00',10,34),
	(3543,'2015-05-10','18:30:00','21:00:00',14,5),
	(3544,'2015-05-10','10:30:00','14:00:00',2,21),
	(3545,'2015-05-11','14:00:00','18:30:00',12,93),
	(3546,'2015-05-11','18:30:00','20:00:00',1,28),
	(3547,'2015-05-11','16:00:00','16:30:00',2,46),
	(3548,'2015-05-11','14:00:00','15:30:00',4,92),
	(3549,'2015-05-11','11:00:00','20:00:00',3,88),
	(3550,'2015-05-11','19:30:00','21:00:00',5,8),
	(3551,'2015-05-11','11:00:00','19:30:00',14,91),
	(3552,'2015-05-11','13:00:00','14:30:00',13,6),
	(3553,'2015-05-11','12:00:00','17:00:00',10,4),
	(3554,'2015-05-12','20:30:00','21:00:00',12,86),
	(3555,'2015-05-12','18:30:00','19:00:00',7,67),
	(3556,'2015-05-12','10:30:00','11:00:00',9,39),
	(3557,'2015-05-12','15:00:00','19:00:00',1,26),
	(3558,'2015-05-12','14:30:00','17:00:00',4,23),
	(3559,'2015-05-12','11:30:00','14:00:00',6,62),
	(3560,'2015-05-12','12:00:00','17:00:00',11,68),
	(3561,'2015-05-12','15:30:00','17:30:00',7,44),
	(3562,'2015-05-14','12:30:00','21:00:00',14,36),
	(3563,'2015-05-14','14:30:00','18:00:00',13,97),
	(3564,'2015-05-14','10:00:00','15:00:00',5,47),
	(3565,'2015-05-14','14:30:00','21:00:00',10,67),
	(3566,'2015-05-14','11:30:00','20:00:00',12,93),
	(3567,'2015-05-14','21:00:00','21:30:00',6,33),
	(3568,'2015-05-14','13:00:00','18:00:00',9,70),
	(3569,'2015-05-15','09:30:00','16:30:00',8,4),
	(3570,'2015-05-15','15:30:00','20:30:00',14,64),
	(3571,'2015-05-15','13:30:00','21:00:00',5,48),
	(3572,'2015-05-15','17:00:00','18:00:00',8,53),
	(3573,'2015-05-15','17:30:00','20:30:00',9,27),
	(3574,'2015-05-15','11:00:00','18:00:00',11,94),
	(3575,'2015-05-15','13:30:00','18:00:00',6,30),
	(3576,'2015-05-15','11:00:00','14:30:00',10,98),
	(3577,'2015-05-16','16:30:00','20:00:00',9,60),
	(3578,'2015-05-16','11:00:00','20:00:00',5,26),
	(3579,'2015-05-16','14:00:00','20:00:00',12,46),
	(3580,'2015-05-16','17:00:00','20:30:00',7,50),
	(3581,'2015-05-16','09:00:00','10:00:00',10,66),
	(3582,'2015-05-16','09:00:00','14:00:00',9,8),
	(3583,'2015-05-17','15:00:00','19:30:00',7,2),
	(3584,'2015-05-17','14:30:00','16:30:00',3,9),
	(3585,'2015-05-17','19:00:00','20:30:00',11,34),
	(3586,'2015-05-17','10:30:00','20:30:00',13,38),
	(3587,'2015-05-17','14:30:00','20:30:00',8,93),
	(3588,'2015-05-17','17:30:00','18:00:00',3,60),
	(3589,'2015-05-17','19:30:00','20:30:00',5,68),
	(3590,'2015-05-17','19:30:00','21:00:00',10,47),
	(3591,'2015-05-18','18:30:00','20:00:00',7,36),
	(3592,'2015-05-18','16:00:00','16:30:00',8,63),
	(3593,'2015-05-18','14:30:00','18:00:00',5,98),
	(3594,'2015-05-18','14:30:00','18:00:00',2,86),
	(3595,'2015-05-18','13:30:00','21:00:00',14,96),
	(3596,'2015-05-18','17:00:00','18:30:00',6,84),
	(3597,'2015-05-18','17:30:00','19:30:00',8,83),
	(3598,'2015-05-19','11:00:00','21:00:00',4,53),
	(3599,'2015-05-19','16:30:00','17:00:00',2,73),
	(3600,'2015-05-19','09:00:00','10:00:00',8,60),
	(3601,'2015-05-19','20:00:00','21:00:00',10,52),
	(3602,'2015-05-19','14:30:00','19:00:00',7,7),
	(3603,'2015-05-19','16:00:00','16:30:00',12,9),
	(3604,'2015-05-19','20:00:00','20:30:00',6,55),
	(3605,'2015-05-19','12:30:00','13:00:00',8,36),
	(3606,'2015-05-21','18:30:00','20:30:00',7,95),
	(3607,'2015-05-21','19:00:00','21:00:00',6,56),
	(3608,'2015-05-21','15:00:00','18:00:00',1,8),
	(3609,'2015-05-21','11:00:00','16:30:00',4,63),
	(3610,'2015-05-21','21:00:00','21:30:00',1,29),
	(3611,'2015-05-21','09:00:00','11:30:00',9,54),
	(3612,'2015-05-21','16:00:00','20:30:00',14,64),
	(3613,'2015-05-21','13:00:00','18:30:00',2,82),
	(3614,'2015-05-22','18:30:00','20:30:00',11,14),
	(3615,'2015-05-22','11:00:00','16:30:00',10,23),
	(3616,'2015-05-22','16:30:00','18:00:00',2,83),
	(3617,'2015-05-22','19:30:00','20:00:00',1,11),
	(3618,'2015-05-22','13:00:00','14:30:00',8,10),
	(3619,'2015-05-22','17:30:00','20:00:00',8,11),
	(3620,'2015-05-23','09:00:00','20:00:00',12,98),
	(3621,'2015-05-23','09:00:00','13:00:00',10,62),
	(3622,'2015-05-23','14:30:00','17:00:00',14,84),
	(3623,'2015-05-23','12:30:00','19:00:00',6,68),
	(3624,'2015-05-23','19:00:00','20:30:00',14,72),
	(3625,'2015-05-23','19:00:00','19:30:00',8,70),
	(3626,'2015-05-24','12:00:00','19:30:00',3,38),
	(3627,'2015-05-24','19:00:00','19:30:00',2,20),
	(3628,'2015-05-24','10:30:00','17:00:00',12,47),
	(3629,'2015-05-24','12:00:00','19:30:00',1,69),
	(3630,'2015-05-24','13:30:00','16:30:00',9,13),
	(3631,'2015-05-24','11:00:00','16:00:00',14,79),
	(3632,'2015-05-25','21:00:00','21:30:00',12,57),
	(3633,'2015-05-25','17:00:00','20:30:00',3,50),
	(3634,'2015-05-25','10:00:00','12:30:00',14,45),
	(3635,'2015-05-25','19:30:00','20:30:00',8,51),
	(3636,'2015-05-25','13:00:00','15:30:00',10,94),
	(3637,'2015-05-25','14:00:00','18:00:00',13,90),
	(3638,'2015-05-25','13:00:00','20:30:00',5,64),
	(3639,'2015-05-26','11:30:00','13:00:00',14,68),
	(3640,'2015-05-26','16:30:00','20:30:00',5,54),
	(3641,'2015-05-26','11:30:00','18:30:00',6,41),
	(3642,'2015-05-26','10:30:00','14:30:00',9,28),
	(3643,'2015-05-28','20:00:00','20:30:00',9,77),
	(3644,'2015-05-28','15:30:00','17:30:00',7,52),
	(3645,'2015-05-28','17:00:00','19:00:00',14,10),
	(3646,'2015-05-28','14:00:00','16:30:00',2,13),
	(3647,'2015-05-28','12:00:00','19:00:00',12,96),
	(3648,'2015-05-28','09:00:00','11:30:00',7,49),
	(3649,'2015-05-28','18:30:00','20:00:00',5,76),
	(3650,'2015-05-29','12:00:00','19:30:00',10,44),
	(3651,'2015-05-29','20:00:00','20:30:00',3,8),
	(3652,'2015-05-29','15:30:00','16:30:00',5,47),
	(3653,'2015-05-29','10:00:00','13:00:00',4,34),
	(3654,'2015-05-29','18:00:00','20:30:00',6,84),
	(3655,'2015-05-29','16:00:00','19:30:00',4,60),
	(3656,'2015-05-29','13:30:00','19:00:00',12,4),
	(3657,'2015-05-30','13:30:00','18:00:00',3,75),
	(3658,'2015-05-30','09:00:00','14:00:00',7,12),
	(3659,'2015-05-30','15:00:00','17:00:00',9,100),
	(3660,'2015-05-30','18:30:00','19:30:00',1,74),
	(3661,'2015-05-30','16:30:00','21:00:00',6,81),
	(3662,'2015-05-31','11:00:00','21:00:00',11,53),
	(3663,'2015-05-31','11:30:00','20:00:00',4,52),
	(3664,'2015-05-31','17:30:00','21:00:00',5,65),
	(3665,'2015-05-31','18:00:00','21:00:00',3,32),
	(3666,'2015-05-31','18:30:00','19:30:00',1,8),
	(3667,'2015-05-31','21:00:00','21:30:00',14,68),
	(3668,'2015-05-31','20:30:00','21:00:00',2,84),
	(3669,'2015-06-01','13:00:00','20:30:00',4,30),
	(3670,'2015-06-01','14:00:00','18:00:00',6,96),
	(3671,'2015-06-01','11:00:00','13:30:00',1,16),
	(3672,'2015-06-01','16:00:00','18:00:00',5,3),
	(3673,'2015-06-02','12:30:00','13:30:00',6,22),
	(3674,'2015-06-02','10:30:00','13:00:00',12,51),
	(3675,'2015-06-02','11:30:00','16:00:00',1,92),
	(3676,'2015-06-02','16:00:00','21:00:00',7,41),
	(3677,'2015-06-02','16:30:00','18:00:00',12,3),
	(3678,'2015-06-02','14:30:00','15:30:00',11,42),
	(3679,'2015-06-04','18:00:00','19:30:00',14,85),
	(3680,'2015-06-04','18:30:00','21:00:00',5,16),
	(3681,'2015-06-04','19:00:00','20:00:00',11,75),
	(3682,'2015-06-04','14:00:00','16:30:00',12,71),
	(3683,'2015-06-04','18:30:00','21:00:00',10,46),
	(3684,'2015-06-05','09:30:00','10:00:00',13,84),
	(3685,'2015-06-05','14:30:00','20:30:00',4,34),
	(3686,'2015-06-05','09:00:00','10:00:00',6,98),
	(3687,'2015-06-05','20:30:00','21:00:00',13,22),
	(3688,'2015-06-05','12:00:00','16:30:00',8,83),
	(3689,'2015-06-05','11:00:00','17:30:00',3,37),
	(3690,'2015-06-06','09:30:00','21:00:00',1,15),
	(3691,'2015-06-06','18:30:00','19:00:00',11,53),
	(3692,'2015-06-06','13:30:00','19:30:00',7,74),
	(3693,'2015-06-07','10:30:00','15:00:00',6,68),
	(3694,'2015-06-07','12:30:00','19:00:00',1,88),
	(3695,'2015-06-07','11:00:00','12:30:00',14,51),
	(3696,'2015-06-07','19:00:00','20:30:00',11,12),
	(3697,'2015-06-07','19:30:00','20:00:00',13,58),
	(3698,'2015-06-07','17:30:00','19:00:00',7,30),
	(3699,'2015-06-08','18:30:00','19:30:00',3,18),
	(3700,'2015-06-08','20:00:00','21:00:00',9,49),
	(3701,'2015-06-08','14:00:00','18:00:00',8,80),
	(3702,'2015-06-09','18:30:00','19:30:00',6,71),
	(3703,'2015-06-09','12:30:00','17:00:00',6,10),
	(3704,'2015-06-11','16:00:00','20:30:00',4,85),
	(3705,'2015-06-11','11:00:00','12:30:00',3,76),
	(3706,'2015-06-11','20:00:00','21:00:00',1,36),
	(3707,'2015-06-11','19:30:00','21:00:00',7,56),
	(3708,'2015-06-11','12:30:00','13:30:00',13,30),
	(3709,'2015-06-12','09:30:00','11:00:00',7,82),
	(3710,'2015-06-12','14:00:00','16:30:00',12,58),
	(3711,'2015-06-13','15:00:00','18:00:00',5,51),
	(3712,'2015-06-13','17:30:00','20:00:00',7,50),
	(3713,'2015-06-13','19:30:00','20:30:00',3,45),
	(3714,'2015-06-13','14:30:00','17:00:00',1,11),
	(3715,'2015-06-14','14:00:00','15:00:00',5,11),
	(3716,'2015-06-14','11:30:00','13:30:00',1,42),
	(3717,'2015-06-14','17:00:00','20:30:00',4,37),
	(3718,'2015-06-14','17:30:00','21:00:00',2,74),
	(3719,'2015-06-14','15:00:00','16:00:00',3,85),
	(3720,'2015-06-15','12:30:00','13:00:00',11,98),
	(3721,'2015-06-15','11:30:00','16:00:00',5,7),
	(3722,'2015-06-15','14:30:00','20:30:00',8,74),
	(3723,'2015-06-15','21:00:00','21:30:00',3,77),
	(3724,'2015-06-16','18:30:00','21:00:00',3,28),
	(3725,'2015-06-16','09:00:00','21:00:00',11,15),
	(3726,'2015-06-18','19:30:00','21:00:00',7,81),
	(3727,'2015-06-18','12:00:00','19:30:00',14,43),
	(3728,'2015-06-18','09:00:00','19:30:00',5,6),
	(3729,'2015-06-19','20:30:00','21:00:00',13,88),
	(3730,'2015-06-19','10:00:00','17:30:00',8,6),
	(3731,'2015-06-20','19:30:00','21:00:00',13,60),
	(3732,'2015-06-20','18:30:00','20:30:00',12,65),
	(3733,'2015-06-21','15:00:00','20:00:00',14,20),
	(3734,'2015-06-21','09:00:00','21:00:00',1,38),
	(3735,'2015-06-22','12:00:00','13:00:00',8,34),
	(3736,'2015-06-25','20:00:00','20:30:00',14,9),
	(3737,'2015-06-27','19:00:00','21:00:00',10,13),
	(3738,'2015-06-27','16:00:00','20:30:00',6,36),
	(3739,'2015-06-28','19:30:00','20:00:00',12,45),
	(3740,'2020-03-26','19:00:00','21:00:00',1,6),
	(3741,'2020-03-28','11:00:00','11:00:00',5,6),
	(3742,'2020-03-28','08:00:00','10:00:00',5,6),
	(3743,'2020-04-25','15:00:00','20:00:00',3,6),
	(3744,'2020-04-26','15:00:00','20:00:00',3,6),
	(3746,'2020-05-05','11:00:00','18:00:00',3,5),
	(3747,'2020-03-05','18:00:00','19:00:00',5,6),
	(3748,'2020-04-22','10:00:00','18:00:00',3,6),
	(3749,'2020-04-22','10:00:00','21:00:00',11,6),
	(3750,'2020-03-05','18:00:00','19:00:00',5,6);

/*!40000 ALTER TABLE `reservation` ENABLE KEYS */;
UNLOCK TABLES;


# Affichage de la table role
# ------------------------------------------------------------

DROP TABLE IF EXISTS `role`;

CREATE TABLE `role` (
  `id` int(11) NOT NULL AUTO_INCREMENT,
  `libelle` varchar(255) NOT NULL,
  PRIMARY KEY (`id`)
) ENGINE=InnoDB DEFAULT CHARSET=latin1;

LOCK TABLES `role` WRITE;
/*!40000 ALTER TABLE `role` DISABLE KEYS */;

INSERT INTO `role` (`id`, `libelle`)
VALUES
	(1,'Ligue départementale'),
	(2,'Ligue régionale'),
	(3,'Ligue organisatrice');

/*!40000 ALTER TABLE `role` ENABLE KEYS */;
UNLOCK TABLES;


# Affichage de la table salle
# ------------------------------------------------------------

DROP TABLE IF EXISTS `salle`;

CREATE TABLE `salle` (
  `id` int(11) NOT NULL AUTO_INCREMENT,
  `libelle` varchar(255) DEFAULT NULL,
  `nbPlaces` int(11) DEFAULT NULL,
  `digicode` int(6) NOT NULL,
  `dimension` float(11,2) NOT NULL,
  `description` text NOT NULL,
  `adresse` varchar(1024) NOT NULL,
  `photo_id` int(11) NOT NULL,
  PRIMARY KEY (`id`),
  KEY `photo_id` (`photo_id`),
  CONSTRAINT `salle_ibfk_1` FOREIGN KEY (`photo_id`) REFERENCES `photo` (`id`)
) ENGINE=InnoDB DEFAULT CHARSET=utf8;

LOCK TABLES `salle` WRITE;
/*!40000 ALTER TABLE `salle` DISABLE KEYS */;

INSERT INTO `salle` (`id`, `libelle`, `nbPlaces`, `digicode`, `dimension`, `description`, `adresse`, `photo_id`)
VALUES
	(1,'Daum',40,123456,150.00,'Salle de sport rectangulaire et lumineuse. Idéale pour les sports de combat au sol.\n\nMatériel fourni : 10 tables / 45 chaises / 3 ordinateurs / 1 vidéo projecteur / 1 kit de son / 20 tapis','55  rue des Coudriers, 68100 Mulhouse',1),
	(2,'Corbin',30,432567,70.00,'Salle de réunion. Equipée d\'un vidéo projecteur. Peut également servir de salle de repas lors d\'une manifestation sportive.\n\nMatériel fourni : 5 tables / 30 chaises / 2 bancs','55  rue des Coudriers, 44000 Nantes',2),
	(3,'Baccarat',50,765457,100.00,'Salle de réunion. Peut servir de salle de réception cocktail. Salle climatisée.\n\nMatériel fourni : ambiance musicale / 20 mini tables / 60 chaises','118  rue Isambard, 83600 Fréjus',3),
	(4,'Longwy',30,123390,70.00,'Salle fonctionnelle idéale pour présentation audovisuelle. Salle peu lumineuse.\n\nMatériel fourni : sonorisation / 1 vidéo projecteur / 40 chaises','50  place Stanislas, 54000 Nancy',4),
	(5,'Multimédia',20,342987,50.00,'Salle fonctionnelle idéale pour présentation audovisuelle. Cadre chaleureux.\n\nMatériel fourni : 1 vidéo projecteur / 25 chaises / 10 tables / grand écran tv / ordinateur / barre de son','82  rue Bonneterie, 13140 Miramas',5),
	(6,'Amphithéâtre',150,346292,300.00,'Salle idéale pour des assemblées générales.\n\nMatériel fourni : ordinateur / 1 vidéo projecteur -> écran type cinéma / 1 scène','124  Rue Roussy, 45000 Orléans',6),
	(7,'Lamour',150,452099,300.00,'Salle de sport idéale pour les sports de raquettes\n\nMatériel fourni : sonorisation / 1 vidéo projecteur / filet à disposition ainsi que des raquettes','19  place de Miremont, 77270 Villeparisis',7),
	(8,'Grüber',20,654398,40.00,'Petite salle de réunion, pour petit comité. Vue agréable sur le parc.\n\nMatériel fourni : 1 ordinateur / 20 chaises / cuisine aménagée','51  rue du Général Ailleret, 97142 Les Abymes',8),
	(9,'Majorelle',50,873245,100.00,'Salle de réunion / présentation audiovisuelle fonctionnelle, agréable et lumineuse.\n\nMatériel fourni : sonorisation / 1 vidéo projecteur / 50 chaises / vidéo projecteur','117  Rue de Strasbourg, 93390 Clichy-Sous-Bois',9),
	(10,'Galerie',120,725372,300.00,'Salle des fêtes avec cuisine intégrée.\n\nMatériel fourni : estrade pour animation ou orchestre / 130 chaises / 30 tables / vestiaire','67  rue Gontier-Patin, 80100 Abbeville',10),
	(11,'Salle informatique',16,236567,40.00,'Salle de formation.\n\nMatériel fourni : 16 postes de travail / imprimante / 16 chaises','9  rue du Château, 78100 Saint-Germain-En-Laye',11),
	(12,'Salle de restauration',40,876545,70.00,'Salle de réception atypique et chaleureuse.\n\nMatériel fourni : sonorisation / estrade / ordinateur / micro / 45 chaises / 10 tables','9  rue Michel Ange, 97232 Le Lamentin',16),
	(13,'Hall d\'accueil',100,762545,200.00,'Salle de réception, idéale pour cocktail dinatoire. Piste de danse.\n\nMatériel fourni : sonorisation / 110 chaises / 30 tables / estrade / 5 canapés','64  avenue de Provence, 56000 Bretagne',17),
	(14,'Gallé',12,742420,30.00,'Salle de réunion pour petit comité.\n\nMatériel fourni : télévision 120 cm / paper board / 15 chaises / 1 grande table','139  rue de la République, 69002 Lyon',18);

/*!40000 ALTER TABLE `salle` ENABLE KEYS */;
UNLOCK TABLES;



/*!40111 SET SQL_NOTES=@OLD_SQL_NOTES */;
/*!40101 SET SQL_MODE=@OLD_SQL_MODE */;
/*!40014 SET FOREIGN_KEY_CHECKS=@OLD_FOREIGN_KEY_CHECKS */;
/*!40101 SET CHARACTER_SET_CLIENT=@OLD_CHARACTER_SET_CLIENT */;
/*!40101 SET CHARACTER_SET_RESULTS=@OLD_CHARACTER_SET_RESULTS */;
/*!40101 SET COLLATION_CONNECTION=@OLD_COLLATION_CONNECTION */;
